id,rt,rt_range:min,rt_range:max,mz,mz_range:min,mz_range:max,height,area,intensity_range:min,intensity_range:max,fragment_scans,charge,feature_group,ion_identities:iin_id,ion_identities:ion_identities,ion_identities:list_size,ion_identities:neutral_mass,ion_identities:partner_row_ids,ion_identities:iin_relationship,ion_identities:consensus_formulas,ion_identities:simple_formulas,datafile:202406251802_PMA_dbgi_003140_01_01.mzML:feature_state,datafile:202406251802_PMA_dbgi_003140_01_01.mzML:mz,datafile:202406251802_PMA_dbgi_003140_01_01.mzML:mz_range:min,datafile:202406251802_PMA_dbgi_003140_01_01.mzML:mz_range:max,datafile:202406251802_PMA_dbgi_003140_01_01.mzML:rt,datafile:202406251802_PMA_dbgi_003140_01_01.mzML:rt_range:min,datafile:202406251802_PMA_dbgi_003140_01_01.mzML:rt_range:max,datafile:202406251802_PMA_dbgi_003140_01_01.mzML:height,datafile:202406251802_PMA_dbgi_003140_01_01.mzML:area,datafile:202406251802_PMA_dbgi_003140_01_01.mzML:intensity_range:min,datafile:202406251802_PMA_dbgi_003140_01_01.mzML:intensity_range:max,datafile:202406251802_PMA_dbgi_003140_01_01.mzML:fwhm,datafile:202406251802_PMA_dbgi_003140_01_01.mzML:tailing_factor,datafile:202406251802_PMA_dbgi_003140_01_01.mzML:asymmetry_factor,datafile:202406251802_PMA_dbgi_003140_01_01.mzML:fragment_scans,datafile:202406251802_PMA_dbgi_003140_01_01.mzML:rt_ms2_apex_distance,datafile:202406251802_PMA_dbgi_003140_01_01.mzML:isotopes,datafile:202406251802_PMA_dbgi_003140_01_01.mzML:charge
1,0.4777,0.439,0.591,226.96376,226.96272,226.96391,5.235E5,3.162E4,1.096E4,5.235E5,1,1,,,,,,,,,,DETECTED,226.96376,226.96272,226.96391,0.4777,0.439,0.591,5.235E5,3.162E4,1.096E4,5.235E5,0.0628,2.6883,4.642,1,-0.0034,3,1
4,0.4777,0.4538,0.5553,275.90392,275.90316,275.90466,6.154E5,2.7E4,2.132E4,6.154E5,1,1,,,,,,,,,,DETECTED,275.90392,275.90316,275.90466,0.4777,0.4538,0.5553,6.154E5,2.7E4,2.132E4,6.154E5,0.043,2.1852,3.0299,1,-0.0051,5,1
19,0.5,0.467,0.5793,304.91241,304.91147,304.91263,1.706E6,7.928E4,4.464E4,1.706E6,1,1,37,,,,,,,,,DETECTED,304.91241,304.91147,304.91263,0.5,0.467,0.5793,1.706E6,7.928E4,4.464E4,1.706E6,0.044,1.3764,1.5667,1,-0.0149,6,1
23,0.5,0.467,0.5435,386.93738,386.93604,386.94016,5.08E5,1.76E4,4.322E4,5.08E5,1,1,37,,,,,,,,,DETECTED,386.93738,386.93604,386.94016,0.5,0.467,0.5435,5.08E5,1.76E4,4.322E4,5.08E5,0.0331,1.0095,0.9359,1,-0.0029,5,1
26,0.5,0.4595,0.5316,402.91464,402.91415,402.91766,1.333E6,4.061E4,1.039E4,1.333E6,1,1,37,,,,,,,,,DETECTED,402.91464,402.91415,402.91766,0.5,0.4595,0.5316,1.333E6,4.061E4,1.039E4,1.333E6,0.0323,1.0175,1.1396,1,-0.0063,5,1
29,0.5,0.467,0.5553,418.89128,418.89069,418.89285,6.968E5,2.241E4,2.499E4,6.968E5,1,1,37,,,,,,,,,DETECTED,418.89128,418.89069,418.89285,0.5,0.467,0.5553,6.968E5,2.241E4,2.499E4,6.968E5,0.0321,1.121,1.2902,1,-0.0046,5,1
37,0.5067,0.4538,0.6022,146.95822,146.95757,146.95853,7.254E5,4.801E4,2.157E4,7.254E5,1,,37,,,,,,,,,DETECTED,146.95822,146.95757,146.95853,0.5067,0.4538,0.6022,7.254E5,4.801E4,2.157E4,7.254E5,0.0685,1.3957,1.7076,1,-0.02,,
38,0.5067,0.4538,0.6135,158.9761,158.97542,158.97623,1.533E7,1.172E6,1.206E5,1.533E7,3,1,37,,,,,,,,,DETECTED,158.9761,158.97542,158.97623,0.5067,0.4538,0.6135,1.533E7,1.172E6,1.206E5,1.533E7,0.0849,1.3875,1.6326,3,-0.0432,4,1
40,0.5067,0.4538,0.6022,160.97307,160.97292,160.97328,1.831E6,1.295E5,1.5E4,1.831E6,0,1,37,,,,,,,,,DETECTED,160.97307,160.97292,160.97328,0.5067,0.4538,0.6022,1.831E6,1.295E5,1.5E4,1.831E6,0.0877,1.3894,1.6165,,,4,1
41,0.5067,0.3039,0.5435,173.92324,173.92291,173.92354,8.381E5,8.189E4,1.81E5,8.381E5,4,1,,,,,,,,,,DETECTED,173.92324,173.92291,173.92354,0.5067,0.3039,0.5435,8.381E5,8.189E4,1.81E5,8.381E5,0.057,0.5906,0.1811,4,-0.1824,2,1
44,0.5067,0.4538,0.6022,174.95382,174.95311,174.95389,1.521E7,1.154E6,3.716E5,1.521E7,3,1,37,,,,,,,,,DETECTED,174.95382,174.95311,174.95389,0.5067,0.4538,0.6022,1.521E7,1.154E6,3.716E5,1.521E7,0.0777,1.4064,1.6868,3,-0.0449,4,1
45,0.5067,0.4538,0.591,175.9558,175.95541,175.95663,2.986E5,2.217E4,1.248E4,2.986E5,1,1,37,,,,,,,,,DETECTED,175.9558,175.95541,175.95663,0.5067,0.4538,0.591,2.986E5,2.217E4,1.248E4,2.986E5,0.0779,1.3727,1.649,1,0.0061,2,1
47,0.5067,0.3039,0.5316,225.89508,225.8947,225.89626,4.234E5,3.563E4,5.129E4,4.234E5,1,1,,,,,,,,,,DETECTED,225.89508,225.8947,225.89626,0.5067,0.3039,0.5316,4.234E5,3.563E4,5.129E4,4.234E5,0.0335,0.5613,0.0686,1,0.0044,3,1
51,0.5067,0.4595,0.591,272.95814,272.957,272.95828,7.205E6,3.377E5,2.76E4,7.205E6,2,1,37,,,,,,,,,DETECTED,272.95814,272.957,272.95828,0.5067,0.4595,0.591,7.205E6,3.377E5,2.76E4,7.205E6,0.0456,1.0733,0.9981,2,-0.0233,5,1
56,0.5067,0.4538,0.591,288.93567,288.9343,288.93582,7.049E6,3.383E5,8.881E3,7.049E6,2,1,37,,,,,,,,,DETECTED,288.93567,288.9343,288.93582,0.5067,0.4538,0.591,7.049E6,3.383E5,8.881E3,7.049E6,0.0461,1.1156,1.0542,2,-0.025,4,1
58,0.5067,0.4595,0.5793,290.93266,290.93149,290.93448,7.506E5,3.461E4,1.631E4,7.506E5,0,1,37,,,,,,,,,DETECTED,290.93266,290.93149,290.93448,0.5067,0.4595,0.5793,7.506E5,3.461E4,1.631E4,7.506E5,0.0487,1.1351,1.1713,,,4,1
65,0.5203,0.3039,0.5435,178.97475,178.97435,178.97495,1.024E6,1.087E5,9.749E4,1.024E6,4,1,5,,,,,,,,,DETECTED,178.97475,178.97435,178.97495,0.5203,0.3039,0.5435,1.024E6,1.087E5,9.749E4,1.024E6,0.1031,0.5535,0.1069,4,-0.1634,2,1
68,0.5203,0.4777,0.5435,231.92916,231.9287,231.92949,4.464E5,1.487E4,4.078E4,4.464E5,1,1,5,,,,,,,,,DETECTED,231.92916,231.9287,231.92949,0.5203,0.4777,0.5435,4.464E5,1.487E4,4.078E4,4.464E5,0.03,0.7717,0.5433,1,-0.0026,5,1
72,0.5203,0.4777,0.5793,372.89689,372.89413,372.89972,5.569E5,1.836E4,2.07E4,5.569E5,0,1,,,,,,,,,,DETECTED,372.89689,372.89413,372.89972,0.5203,0.4777,0.5793,5.569E5,1.836E4,2.07E4,5.569E5,0.0262,1.0309,1.0731,,,3,1
75,0.5203,0.5,0.5793,440.8798,440.87662,440.88174,8.418E5,2.688E4,3.29E4,8.418E5,1,1,,,,,,,,,,DETECTED,440.8798,440.87662,440.88174,0.5203,0.5,0.5793,8.418E5,2.688E4,3.29E4,8.418E5,0.0302,2.0967,2.6626,1,0.0068,5,1
78,0.5203,0.467,0.5553,486.87661,486.87534,486.87848,2.729E5,8.551E3,1.736E4,2.729E5,0,1,5,,,,,,,,,DETECTED,486.87661,486.87534,486.87848,0.5203,0.467,0.5553,2.729E5,8.551E3,1.736E4,2.729E5,0.026,0.7226,0.4983,,,3,1
81,0.5203,0.5,0.5553,570.83464,570.83301,570.83569,2.933E5,6.319E3,4.492E4,2.933E5,0,1,,,,,,,,,,DETECTED,570.83464,570.83301,570.83569,0.5203,0.5,0.5553,2.933E5,6.319E3,4.492E4,2.933E5,0.0189,1.3598,1.6653,,,3,1
84,0.5316,0.5,0.591,456.85805,456.85483,456.86002,6.176E5,2.264E4,1.546E4,6.176E5,1,1,,,,,,,,,,DETECTED,456.85805,456.85483,456.86002,0.5316,0.5,0.591,6.176E5,2.264E4,1.546E4,6.176E5,0.0371,1.3442,1.3992,1,0.004,5,1
87,0.5435,0.4595,0.6241,242.93857,242.93649,242.94098,3.081E6,1.45E5,4.952E4,3.081E6,1,1,12,,,,,,,,,DETECTED,242.93857,242.93649,242.94098,0.5435,0.4595,0.6241,3.081E6,1.45E5,4.952E4,3.081E6,0.0417,0.8042,0.3701,1,-0.029,4,1
88,0.5435,0.5,0.591,244.93528,244.9343,244.9355,4.487E5,1.902E4,4.02E4,4.487E5,0,1,12,,,,,,,,,DETECTED,244.93528,244.9343,244.9355,0.5435,0.5,0.591,4.487E5,1.902E4,4.02E4,4.487E5,0.0394,1.1274,0.9985,,,4,1
89,0.5435,0.5,0.6022,258.91567,258.91422,258.91595,1.2E6,5.395E4,5.322E4,1.2E6,1,1,12,,,,,,,,,DETECTED,258.91567,258.91422,258.91595,0.5435,0.5,0.6022,1.2E6,5.395E4,5.322E4,1.2E6,0.0427,1.1153,1.033,1,-0.0096,4,1
92,0.5435,0.5,0.6022,326.90027,326.89996,326.90135,2.359E6,8.587E4,4.945E4,2.359E6,1,1,12,,,,,,,,,DETECTED,326.90027,326.89996,326.90135,0.5435,0.5,0.6022,2.359E6,8.587E4,4.945E4,2.359E6,0.0327,1.0909,1.0315,1,-0.0147,5,1
94,0.5435,0.5067,0.591,328.89848,328.89783,328.90063,5.054E5,1.917E4,5.817E4,5.054E5,0,1,12,,,,,,,,,DETECTED,328.89848,328.89783,328.90063,0.5435,0.5067,0.591,5.054E5,1.917E4,5.817E4,5.054E5,0.0358,1.1462,1.007,,,5,1
95,0.5435,0.5,0.6022,342.87731,342.87482,342.88022,8.402E5,3.357E4,2.452E4,8.402E5,1,1,12,,,,,,,,,DETECTED,342.87731,342.87482,342.88022,0.5435,0.5,0.6022,8.402E5,3.357E4,2.452E4,8.402E5,0.0363,1.1337,1.1438,1,-0.0029,4,1
98,0.5435,0.5067,0.591,410.86092,410.85767,410.86173,2.032E6,6.554E4,1.396E5,2.032E6,1,1,12,,,,,,,,,DETECTED,410.86092,410.85767,410.86173,0.5435,0.5067,0.591,2.032E6,6.554E4,1.396E5,2.032E6,0.0304,1.0086,0.9063,1,-0.0046,5,1
101,0.5435,0.5067,0.6022,426.83762,426.83615,426.8385,7.301E5,2.544E4,2.409E4,7.301E5,1,1,12,,,,,,,,,DETECTED,426.83762,426.83615,426.8385,0.5435,0.5067,0.6022,7.301E5,2.544E4,2.409E4,7.301E5,0.0306,1.1162,1.0193,1,0.0262,3,1
103,0.5435,0.5067,0.5793,496.82141,496.81995,496.82352,1.198E5,4.086E3,3.276E4,1.198E5,0,1,12,,,,,,,,,DETECTED,496.82141,496.81995,496.82352,0.5435,0.5067,0.5793,1.198E5,4.086E3,3.276E4,1.198E5,0.0328,0.9879,0.9757,,,5,1
105,0.5435,0.5067,0.5793,578.7817,578.7796,578.78644,2.03E5,6.174E3,2.309E4,2.03E5,0,1,12,,,,,,,,,DETECTED,578.7817,578.7796,578.78644,0.5435,0.5067,0.5793,2.03E5,6.174E3,2.309E4,2.03E5,0.0302,0.9879,1.523,,,3,1
107,0.5435,0.5067,0.5793,594.75743,594.75366,594.75836,1.738E5,5.564E3,2.278E4,1.738E5,0,1,12,,,,,,,,,DETECTED,594.75743,594.75366,594.75836,0.5435,0.5067,0.5793,1.738E5,5.564E3,2.278E4,1.738E5,0.0303,0.9879,1.4834,,,3,1
114,0.5553,0.5,0.6241,128.95699,128.95599,128.95712,4.492E6,2.199E5,5.946E4,4.492E6,1,1,2,,,,,,,,,DETECTED,128.95699,128.95599,128.95712,0.5553,0.5,0.6241,4.492E6,2.199E5,5.946E4,4.492E6,0.0467,1.053,1.2044,1,-0.0181,3,1
116,0.5553,0.5067,0.6022,212.91889,212.91859,212.9194,5.472E5,2.274E4,5.444E4,5.472E5,1,1,2,,,,,,,,,DETECTED,212.91889,212.91859,212.9194,0.5553,0.5067,0.6022,5.472E5,2.274E4,5.444E4,5.472E5,0.04,1.1176,1.0473,1,0.0056,2,1
118,0.5553,0.5067,0.6022,296.88119,296.88065,296.88129,1.894E6,7.5E4,1.236E5,1.894E6,1,1,2,,,,,,,,,DETECTED,296.88119,296.88065,296.88129,0.5553,0.5067,0.6022,1.894E6,7.5E4,1.236E5,1.894E6,0.0382,1.0124,1.0282,1,-0.0062,4,1
120,0.5553,0.5067,0.6022,380.84249,380.84058,380.84323,9.83E5,3.752E4,5.374E4,9.83E5,1,1,2,,,,,,,,,DETECTED,380.84249,380.84058,380.84323,0.5553,0.5067,0.6022,9.83E5,3.752E4,5.374E4,9.83E5,0.0392,1.0108,1.0247,1,0.004,2,1
122,0.5553,0.5203,0.591,464.80307,464.80142,464.80496,3.773E5,1.368E4,1.083E5,3.773E5,1,1,2,,,,,,,,,DETECTED,464.80307,464.80142,464.80496,0.5553,0.5203,0.591,3.773E5,1.368E4,1.083E5,3.773E5,0.0356,1.0089,1.0179,1,0.016,4,1
134,0.5793,0.5435,0.6348,180.92755,180.92712,180.92788,5.415E5,2.447E4,9.547E4,5.415E5,1,1,0,,,,,,,,,DETECTED,180.92755,180.92712,180.92788,0.5793,0.5435,0.6348,5.415E5,2.447E4,9.547E4,5.415E5,0.0564,1.2742,1.412,1,0.0156,3,1
136,0.5793,0.5067,0.7833,225.05957,225.05882,225.05995,3.713E6,3.172E5,7.145E4,3.713E6,3,1,0,0,[M+FA]-,2,180.06104,151;136,,,,DETECTED,225.05957,225.05882,225.05995,0.5793,0.5067,0.7833,3.713E6,3.172E5,7.145E4,3.713E6,0.0638,2.2582,2.4887,3,-0.0269,3,1
140,0.5793,0.5316,0.6348,471.07377,471.07086,471.07602,9.431E5,4.049E4,3.096E4,9.431E5,1,1,0,,,,,,,,,DETECTED,471.07377,471.07086,471.07602,0.5793,0.5316,0.6348,9.431E5,4.049E4,3.096E4,9.431E5,0.0423,1.6544,2.497,1,0.0056,3,1
142,0.591,0.5316,0.7833,143.03202,143.03076,143.0329,1.242E6,9.324E4,2.464E4,1.242E6,1,1,0,,,,,,,,,DETECTED,143.03202,143.03076,143.0329,0.591,0.5316,0.7833,1.242E6,9.324E4,2.464E4,1.242E6,0.0534,1.8825,2.2587,1,-0.0267,3,1
144,0.591,0.5316,0.8541,161.04245,161.04131,161.04285,1.252E6,1.101E5,2.519E4,1.252E6,1,1,0,,,,,,,,,DETECTED,161.04245,161.04131,161.04285,0.591,0.5316,0.8541,1.252E6,1.101E5,2.519E4,1.252E6,0.053,2.7468,3.0587,1,-0.0284,4,1
145,0.591,0.5553,0.6348,188.97769,188.97748,188.97784,3.835E5,1.415E4,2.222E4,3.835E5,1,,,,,,,,,,,DETECTED,188.97769,188.97748,188.97784,0.591,0.5553,0.6348,3.835E5,1.415E4,2.222E4,3.835E5,0.0391,1.4221,1.9227,1,0.0152,,
151,0.6022,0.5203,0.8295,179.05344,179.05252,179.05389,1.03E7,7.92E5,1.405E5,1.03E7,5,1,0,0,[M-H]-,2,180.06104,151;136,,,,DETECTED,179.05344,179.05252,179.05389,0.6022,0.5203,0.8295,1.03E7,7.92E5,1.405E5,1.03E7,0.0561,1.747,1.6196,5,-0.0515,3,1
152,0.6022,0.5316,0.762,215.03079,215.02983,215.032,1.823E7,7.421E5,2.415E4,1.823E7,3,1,25,,,,,,,,,DETECTED,215.03079,215.02983,215.032,0.6022,0.5316,0.762,1.823E7,7.421E5,2.415E4,1.823E7,0.0325,1.3487,1.3058,3,-0.0293,5,1
154,0.6022,0.5435,0.7123,217.02766,217.02574,217.02794,5.589E6,2.14E5,5.759E4,5.589E6,0,1,25,,,,,,,,,DETECTED,217.02766,217.02574,217.02794,0.6022,0.5435,0.7123,5.589E6,2.14E5,5.759E4,5.589E6,0.0308,1.3543,1.3699,,,5,1
156,0.6022,0.5673,0.6787,248.99921,248.99763,249.00034,6.952E5,2.896E4,1.358E4,6.952E5,1,,25,,,,,,,,,DETECTED,248.99921,248.99763,249.00034,0.6022,0.5673,0.6787,6.952E5,2.896E4,1.358E4,6.952E5,0.035,2.0871,2.9476,1,0.0073,,
157,0.6022,0.5553,0.7234,285.08151,285.08078,285.08249,5.163E6,1.413E5,1.347E4,5.163E6,1,1,25,,,,,,,,,DETECTED,285.08151,285.08078,285.08249,0.6022,0.5553,0.7234,5.163E6,1.413E5,1.347E4,5.163E6,0.0252,1.2206,1.3781,1,-0.0057,3,1
160,0.6022,0.5553,0.8614,341.10725,341.10519,341.10831,1.812E6,1.716E5,2.962E4,1.812E6,4,1,25,1,[M-H]-,3,342.11478,161;160;178,,,,DETECTED,341.10725,341.10519,341.10831,0.6022,0.5553,0.8614,1.812E6,1.716E5,2.962E4,1.812E6,0.0545,3.128,5.9997,4,-0.0156,3,1
161,0.6022,0.5553,0.8541,387.11297,387.11182,387.11511,8.451E6,6.885E5,9.096E4,8.451E6,5,1,25,1,[M+FA]-,3,342.11478,161;160,,,,DETECTED,387.11297,387.11182,387.11511,0.6022,0.5553,0.8541,8.451E6,6.885E5,9.096E4,8.451E6,0.0529,3.2274,5.1153,5,-0.0276,2,1
163,0.6135,0.5435,0.762,135.02706,135.02583,135.02731,7.005E6,2.826E5,7.061E4,7.005E6,2,1,25,,,,,,,,,DETECTED,135.02706,135.02583,135.02731,0.6135,0.5435,0.762,7.005E6,2.826E5,7.061E4,7.005E6,0.0284,1.2669,1.0432,2,-0.0372,5,1
164,0.6135,0.5793,0.7014,142.99542,142.99513,142.99622,9.469E5,5.891E4,4.677E4,9.469E5,1,,,,,,,,,,,DETECTED,142.99542,142.99513,142.99622,0.6135,0.5793,0.7014,9.469E5,5.891E4,4.677E4,9.469E5,0.0687,2.4542,4.2761,1,0.0409,,
166,0.6135,0.5316,0.8144,165.03721,165.03577,165.03752,3.17E6,1.459E5,2.683E4,3.17E6,1,1,25,2,[M-H]-,2,166.04381,166;178,,,,DETECTED,165.03721,165.03577,165.03752,0.6135,0.5316,0.8144,3.17E6,1.459E5,2.683E4,3.17E6,0.0302,1.2831,1.2494,1,-0.0252,5,1
168,0.6135,0.5316,0.8345,195.04895,195.04829,195.04909,5.49E7,3.848E6,1.817E4,5.49E7,5,1,25,,,,,,,,,DETECTED,195.04895,195.04829,195.04909,0.6135,0.5316,0.8345,5.49E7,3.848E6,1.817E4,5.49E7,0.0438,1.4945,1.7146,5,-0.0559,3,1
171,0.6135,0.5316,0.8757,196.05154,196.05112,196.05286,3.085E6,1.813E5,4.621E4,3.085E6,1,1,25,,,,,,,,,DETECTED,196.05154,196.05112,196.05286,0.6135,0.5316,0.8757,3.085E6,1.813E5,4.621E4,3.085E6,0.0371,1.8455,1.699,1,0.0283,3,1
175,0.6135,0.5435,0.8345,277.03096,277.02972,277.03174,1.757E6,1.127E5,4.494E4,1.757E6,1,1,25,,,,,,,,,DETECTED,277.03096,277.02972,277.03174,0.6135,0.5435,0.8345,1.757E6,1.127E5,4.494E4,1.757E6,0.0423,2.1667,2.7218,1,-0.0136,4,1
176,0.6135,0.591,0.6906,279.03448,279.03391,279.03531,6.87E5,1.659E4,7.477E4,6.87E5,0,1,,,,,,,,,,DETECTED,279.03448,279.03391,279.03531,0.6135,0.591,0.6906,6.87E5,1.659E4,7.477E4,6.87E5,0.015,2.2118,6.3207,,,4,1
177,0.6135,0.591,0.8757,297.04468,297.04269,297.04553,1.796E6,7.723E4,3.072E4,1.796E6,1,1,25,,,,,,,,,DETECTED,297.04468,297.04269,297.04553,0.6135,0.591,0.8757,1.796E6,7.723E4,3.072E4,1.796E6,0.0231,4.6293,10.5079,1,0.0084,2,1
178,0.6135,0.5553,0.775,377.08446,377.08228,377.08524,9.645E6,3.628E5,5.203E4,9.645E6,2,1,25,1,[M+Cl]-,3,342.11478,160;178,,,,DETECTED,377.08446,377.08228,377.08524,0.6135,0.5553,0.775,9.645E6,3.628E5,5.203E4,9.645E6,0.034,1.4962,1.7836,2,-0.0153,5,1
180,0.6135,0.5673,0.8144,447.13377,447.13062,447.13443,6.917E6,2.058E5,3.698E4,6.917E6,2,1,25,,,,,,,,,DETECTED,447.13377,447.13062,447.13443,0.6135,0.5673,0.8144,6.917E6,2.058E5,3.698E4,6.917E6,0.0197,2.2163,2.0091,2,-0.009,3,1
185,0.6241,0.5435,0.9036,209.06432,209.06371,209.06523,1.237E6,8.186E4,3.02E4,1.237E6,1,1,25,,,,,,,,,DETECTED,209.06432,209.06371,209.06523,0.6241,0.5435,0.9036,1.237E6,8.186E4,3.02E4,1.237E6,0.0367,2.4171,4.8414,1,0.0087,2,1
186,0.6241,0.591,0.762,226.99403,226.99281,226.9944,3.614E6,1.668E5,1.637E5,3.614E6,2,1,25,,,,,,,,,DETECTED,226.99403,226.99281,226.9944,0.6241,0.591,0.762,3.614E6,1.668E5,1.637E5,3.614E6,0.0311,2.3433,3.3694,2,-0.0129,3,1
189,0.6241,0.5553,0.7014,439.07896,439.07663,439.08441,5.427E6,3.344E5,1.477E4,5.427E6,2,1,25,,,,,,,,,DETECTED,439.07896,439.07663,439.08441,0.6241,0.5553,0.7014,5.427E6,3.344E5,1.477E4,5.427E6,0.061,1.6323,2.4599,2,-0.0162,2,1
191,0.6241,0.5673,0.7123,537.16275,537.15839,537.16589,1.075E6,4.75E4,2.993E4,1.075E6,1,1,25,,,,,,,,,DETECTED,537.16275,537.15839,537.16589,0.6241,0.5673,0.7123,1.075E6,4.75E4,2.993E4,1.075E6,0.0305,1.457,2.1661,1,0.004,2,1
192,0.6241,0.5793,0.6906,575.00689,575.0022,575.01239,3.882E5,2.238E4,3.94E4,3.882E5,0,1,25,,,,,,,,,DETECTED,575.00689,575.0022,575.01239,0.6241,0.5793,0.6906,3.882E5,2.238E4,3.94E4,3.882E5,0.0591,1.2438,2.0071,,,2,1
197,0.6455,0.6022,1.0019,134.0144,134.01395,134.01453,4.555E6,5.545E5,6.391E4,4.555E6,5,1,3,,,,,,,,,DETECTED,134.0144,134.01395,134.01453,0.6455,0.6022,1.0019,4.555E6,5.545E5,6.391E4,4.555E6,0.1274,3.9129,5.9011,5,-0.0144,5,1
198,0.6455,0.6022,0.9723,135.0155,135.01488,135.01672,6.867E5,8.356E4,1.809E4,6.867E5,2,1,3,,,,,,,,,DETECTED,135.0155,135.01488,135.01672,0.6455,0.6022,0.9723,6.867E5,8.356E4,1.809E4,6.867E5,0.1212,3.9202,5.6877,2,0.0073,5,1
202,0.6565,0.6022,1.0019,133.01188,133.01128,133.01195,1.305E8,1.645E7,2.355E6,1.305E8,7,1,3,,,,,,,,,DETECTED,133.01188,133.01128,133.01195,0.6565,0.6022,1.0019,1.305E8,1.645E7,2.355E6,1.305E8,0.1206,3.3074,4.2331,7,-0.0362,4,1
206,0.6565,0.6135,1.0019,154.99515,154.99457,154.99641,5.405E5,5.754E4,8.94E3,5.405E5,1,,3,,,,,,,,,DETECTED,154.99515,154.99457,154.99641,0.6565,0.6135,1.0019,5.405E5,5.754E4,8.94E3,5.405E5,0.0742,3.2229,5.327,1,0.0201,,
207,0.6565,0.591,0.7833,173.00644,173.00447,173.00667,1.101E7,1.119E6,4.798E4,1.101E7,3,1,3,,,,,,,,,DETECTED,173.00644,173.00447,173.00667,0.6565,0.591,0.7833,1.101E7,1.119E6,4.798E4,1.101E7,0.1011,1.9386,3.0232,3,-0.027,3,1
209,0.6565,0.6022,1.2726,191.01788,191.01653,191.01808,1.208E8,1.711E7,1.232E5,1.208E8,12,1,3,,,,,,,,,DETECTED,191.01788,191.01653,191.01808,0.6565,0.6022,1.2726,1.208E8,1.711E7,1.232E5,1.208E8,0.1074,3.7852,5.8048,12,-0.0379,3,1
212,0.6565,0.6022,0.8399,232.87945,232.87848,232.88098,4.929E5,4.71E4,2.038E4,4.929E5,1,,3,,,,,,,,,DETECTED,232.87945,232.87848,232.88098,0.6565,0.6022,0.8399,4.929E5,4.71E4,2.038E4,4.929E5,0.1166,2.1175,2.7691,1,0.032,,
213,0.6565,0.6135,0.8144,247.02369,247.02277,247.02551,3.983E5,4.248E4,5.283E4,3.983E5,1,1,3,,,,,,,,,DETECTED,247.02369,247.02277,247.02551,0.6565,0.6135,0.8144,3.983E5,4.248E4,5.283E4,3.983E5,0.1219,2.3362,3.5651,1,0.0411,2,1
214,0.6565,0.6135,0.8471,268.93487,268.93237,268.93604,7.021E5,7.036E4,2.854E4,7.021E5,2,,3,,,,,,,,,DETECTED,268.93487,268.93237,268.93604,0.6565,0.6135,0.8471,7.021E5,7.036E4,2.854E4,7.021E5,0.2072,2.6482,4.277,2,0.009,,
216,0.6565,0.6135,0.9649,304.99035,304.98889,304.99127,1.77E6,2.153E5,2.43E4,1.77E6,3,1,3,,,,,,,,,DETECTED,304.99035,304.98889,304.99127,0.6565,0.6135,0.9649,1.77E6,2.153E5,2.43E4,1.77E6,0.1252,3.1533,4.7796,3,-0.0087,3,1
218,0.6906,0.6241,0.8227,194.92411,194.9225,194.92477,3.224E5,3.134E4,3.692E4,3.224E5,1,,3,,,,,,,,,DETECTED,194.92411,194.9225,194.92477,0.6906,0.6241,0.8227,3.224E5,3.134E4,3.692E4,3.224E5,0.0947,1.4925,2.0683,1,0.0195,,
219,0.6906,0.6135,1.0226,303.9514,303.94977,303.9527,7.778E5,1.158E5,1.054E4,7.778E5,3,1,3,,,,,,,,,DETECTED,303.9514,303.94977,303.9527,0.6906,0.6135,1.0226,7.778E5,1.158E5,1.054E4,7.778E5,0.1542,2.0643,2.224,3,-0.0284,2,1
220,0.7234,0.6241,0.9036,232.93723,232.93661,232.93848,2.738E5,4.094E4,4.409E4,2.738E5,1,,3,,,,,,,,,DETECTED,232.93723,232.93661,232.93848,0.7234,0.6241,0.9036,2.738E5,4.094E4,4.409E4,2.738E5,0.1358,1.4066,2.078,1,0.0202,,
221,0.7234,0.6241,0.8227,275.01956,275.01895,275.02054,6.323E5,7.292E4,5.098E4,6.323E5,2,1,3,,,,,,,,,DETECTED,275.01956,275.01895,275.02054,0.7234,0.6241,0.8227,6.323E5,7.292E4,5.098E4,6.323E5,0.1148,0.9995,0.8628,2,-0.0485,2,1
223,0.7234,0.6241,0.911,331.94676,331.94638,331.94919,3.016E6,3.089E5,1.174E4,3.016E6,4,1,3,,,,,,,,,DETECTED,331.94676,331.94638,331.94919,0.7234,0.6241,0.911,3.016E6,3.089E5,1.174E4,3.016E6,0.1038,1.0664,1.0755,4,-0.0723,4,1
224,0.7234,0.6455,0.9575,347.02265,347.02072,347.02551,3.124E5,3.621E4,1.073E4,3.124E5,1,,3,,,,,,,,,DETECTED,347.02265,347.02072,347.02551,0.7234,0.6455,0.9575,3.124E5,3.621E4,1.073E4,3.124E5,0.1054,1.9369,2.0719,1,0.0089,,
225,0.7234,0.6455,1.0614,377.9506,377.94803,377.95422,3.118E5,4.382E4,1.086E4,3.118E5,1,1,3,,,,,,,,,DETECTED,377.9506,377.94803,377.95422,0.7234,0.6455,1.0614,3.118E5,4.382E4,1.086E4,3.118E5,0.1898,2.1988,2.2151,1,0.0185,2,1
227,0.7347,0.6348,0.87,289.01554,289.01355,289.01663,5.235E5,5.678E4,2.097E4,5.235E5,2,,3,,,,,,,,,DETECTED,289.01554,289.01355,289.01663,0.7347,0.6348,0.87,5.235E5,5.678E4,2.097E4,5.235E5,0.0972,4.5399,1.0125,2,-0.0387,,
229,0.7347,0.6135,1.0019,362.99541,362.99426,362.9968,8.671E5,1.164E5,1.803E4,8.671E5,3,1,3,,,,,,,,,DETECTED,362.99541,362.99426,362.9968,0.7347,0.6135,1.0019,8.671E5,1.164E5,1.803E4,8.671E5,0.0851,1.2813,1.2532,3,-0.0708,3,1
230,0.7684,0.5793,0.9443,219.0121,219.01149,219.01288,3.258E5,7.25E4,3.163E4,3.258E5,1,,3,,,,,,,,,DETECTED,219.0121,219.01149,219.01288,0.7684,0.5793,0.9443,3.258E5,7.25E4,3.163E4,3.258E5,0.2876,0.9923,0.9911,1,-0.0597,,
233,0.8144,0.6906,0.8962,147.02685,147.0258,147.02716,2.515E5,3.078E4,5.914E4,2.515E5,1,1,10,,,,,,,,,DETECTED,147.02685,147.0258,147.02716,0.8144,0.6906,0.8962,2.515E5,3.078E4,5.914E4,2.515E5,0.1111,0.8304,0.6607,1,-0.0045,2,1
234,0.8144,0.6906,0.9443,435.95427,435.95172,435.95569,2.46E5,2.542E4,1.24E4,2.46E5,0,1,10,,,,,,,,,DETECTED,435.95427,435.95172,435.95569,0.8144,0.6906,0.9443,2.46E5,2.542E4,1.24E4,2.46E5,0.0879,0.9886,0.7129,,,2,1
238,0.8227,0.6787,1.1067,289.93541,289.93417,289.93695,8.469E5,1.317E5,6.385E4,8.469E5,3,1,13,,,,,,,,,DETECTED,289.93541,289.93417,289.93695,0.8227,0.6787,1.1067,8.469E5,1.317E5,6.385E4,8.469E5,0.1079,1.509,2.238,3,-0.0421,3,1
241,0.8227,0.762,0.9518,420.9993,420.99698,421.00345,3.203E5,2.477E4,1.03E4,3.203E5,1,1,10,,,,,,,,,DETECTED,420.9993,420.99698,421.00345,0.8227,0.762,0.9518,3.203E5,2.477E4,1.03E4,3.203E5,0.085,1.3462,1.1764,1,-0.0223,2,1
245,0.8471,0.762,1.1289,129.0166,129.01598,129.01688,2.011E6,2.22E5,4.413E4,2.011E6,4,1,13,,,,,,,,,DETECTED,129.0166,129.01598,129.01688,0.8471,0.762,1.1289,2.011E6,2.22E5,4.413E4,2.011E6,0.0982,1.5362,1.3149,4,-0.0565,5,1
246,0.8471,0.7833,1.2372,173.00672,173.00554,173.00697,9.321E6,1.107E6,1.637E5,9.321E6,7,1,13,,,,,,,,,DETECTED,173.00672,173.00554,173.00697,0.8471,0.7833,1.2372,9.321E6,1.107E6,1.637E5,9.321E6,0.1102,2.0307,2.1708,7,-0.0404,3,1
252,0.9184,0.8227,0.9797,241.00956,241.00882,241.01059,1.269E5,1.374E4,3.563E4,1.269E5,0,1,,,,,,,,,,DETECTED,241.00956,241.00882,241.01059,0.9184,0.8227,0.9797,1.269E5,1.374E4,3.563E4,1.269E5,0.1173,0.8201,0.6402,,,2,1
259,0.9945,0.8962,1.2183,147.02699,147.02632,147.0273,4.709E5,5.972E4,2.018E4,4.709E5,2,1,38,,,,,,,,,DETECTED,147.02699,147.02632,147.0273,0.9945,0.8962,1.2183,4.709E5,5.972E4,2.018E4,4.709E5,0.11,1.48,1.4756,2,-0.0462,3,1
263,1.0152,0.762,1.1878,215.03073,215.03021,215.03151,3.162E5,7.846E4,6.217E4,3.162E5,3,1,38,,,,,,,,,DETECTED,215.03073,215.03021,215.03151,1.0152,0.762,1.1878,3.162E5,7.846E4,6.217E4,3.162E5,0.2631,0.8409,0.6819,3,-0.0913,3,1
267,1.1141,0.8541,1.2315,161.04245,161.04213,161.04285,3.163E5,6.391E4,7.339E4,3.163E5,3,1,,,,,,,,,,DETECTED,161.04245,161.04213,161.04285,1.1141,0.8541,1.2315,3.163E5,6.391E4,7.339E4,3.163E5,0.1627,0.7255,0.451,3,-0.0636,4,1
268,1.1392,1.0375,1.2932,133.04711,133.04628,133.04762,2.524E5,2.549E4,9.414E3,2.524E5,1,1,,,,,,,,,,DETECTED,133.04711,133.04628,133.04762,1.1392,1.0375,1.2932,2.524E5,2.549E4,9.414E3,2.524E5,0.0963,1.2545,1.2487,1,-0.0195,3,1
272,1.2429,0.7932,1.3674,158.97584,158.97508,158.9761,1.8E6,4.224E5,1.85E5,1.8E6,10,1,4,,,,,,,,,DETECTED,158.97584,158.97508,158.9761,1.2429,0.7932,1.3674,1.8E6,4.224E5,1.85E5,1.8E6,0.1916,0.6384,0.2733,10,-0.4246,3,1
274,1.2429,0.8541,1.3674,174.95346,174.95258,174.95381,2.107E6,5.415E5,4.833E5,2.107E6,9,1,4,,,,,,,,,DETECTED,174.95346,174.95258,174.95381,1.2429,0.8541,1.3674,2.107E6,5.415E5,4.833E5,2.107E6,0.2021,0.6601,0.3201,9,-0.3849,3,1
279,1.2544,0.762,1.3946,128.95656,128.9561,128.9574,5.02E5,1.274E5,4.852E4,5.02E5,2,1,4,,,,,,,,,DETECTED,128.95656,128.9561,128.9574,1.2544,0.762,1.3946,5.02E5,1.274E5,4.852E4,5.02E5,0.1918,0.6407,0.3027,2,0.0131,2,1
289,1.3247,1.1067,1.618,143.03215,143.03189,143.03249,2.455E5,7.106E4,5.504E4,2.455E5,1,1,15,,,,,,,,,DETECTED,143.03215,143.03189,143.03249,1.3247,1.1067,1.618,2.455E5,7.106E4,5.504E4,2.455E5,0.297,1.1728,1.3457,1,0.0072,3,1
290,1.3247,1.2315,1.7274,161.04236,161.04201,161.04256,2.399E5,7.733E4,7.151E4,2.399E5,1,1,15,,,,,,,,,DETECTED,161.04236,161.04201,161.04256,1.3247,1.2315,1.7274,2.399E5,7.733E4,7.151E4,2.399E5,0.3368,2.6596,4.3191,1,0.0089,4,1
291,1.3247,0.8295,2.029,179.05339,179.05273,179.054,2.033E6,8.121E5,1.38E5,2.033E6,19,1,15,3,[M-H]-,2,180.06098,294;291,,,,DETECTED,179.05339,179.05273,179.054,1.3247,0.8295,2.029,2.033E6,8.121E5,1.38E5,2.033E6,0.2761,1.2391,2.6832,19,-0.4581,3,1
294,1.3247,0.7833,2.029,225.0595,225.05882,225.05991,7.897E5,3.639E5,7.243E4,7.897E5,10,1,15,3,[M+FA]-,2,180.06098,291;294,,,,DETECTED,225.0595,225.05882,225.05991,1.3247,0.7833,2.029,7.897E5,3.639E5,7.243E4,7.897E5,0.2856,1.1505,2.857,10,-0.4807,3,1
296,1.3247,1.1878,1.609,387.11343,387.11246,387.11371,2.201E6,5.93E5,3.707E5,2.201E6,7,1,15,,,,,,,,,DETECTED,387.11343,387.11246,387.11371,1.3247,1.1878,1.609,2.201E6,5.93E5,3.707E5,2.201E6,0.2937,1.5384,1.7957,7,-0.1041,3,1
301,1.411,1.2068,2.0233,142.99573,142.99524,142.99611,4.268E5,1.179E5,1.087E4,4.268E5,4,1,40,,,,,,,,,DETECTED,142.99573,142.99524,142.99611,1.411,1.2068,2.0233,4.268E5,1.179E5,1.087E4,4.268E5,0.2032,1.9461,2.0092,4,-0.0667,2,1
304,1.411,1.2372,1.5999,219.01225,219.01184,219.01282,1.546E5,3.641E4,2.795E4,1.546E5,0,1,40,,,,,,,,,DETECTED,219.01225,219.01184,219.01282,1.411,1.2372,1.5999,1.546E5,3.641E4,2.795E4,1.546E5,0.2357,1.0432,1.0864,,,2,1
307,1.411,1.1878,1.5999,341.10763,341.10666,341.10867,4.571E5,1.299E5,9.736E4,4.571E5,6,1,,,,,,,,,,DETECTED,341.10763,341.10666,341.10867,1.411,1.1878,1.5999,4.571E5,1.299E5,9.736E4,4.571E5,0.2922,0.9231,0.8461,6,-0.1419,2,1
308,1.4733,1.1993,1.5625,285.08106,285.07935,285.0838,3.994E5,7.522E4,1.234E4,3.994E5,3,1,8,,,,,,,,,DETECTED,285.08106,285.07935,285.0838,1.4733,1.1993,1.5625,3.994E5,7.522E4,1.234E4,3.994E5,0.1932,0.6743,0.4777,3,-0.143,2,1
309,1.4879,1.1936,1.7451,135.02664,135.02618,135.0269,4.063E5,1.074E5,4.868E4,4.063E5,4,1,8,,,,,,,,,DETECTED,135.02664,135.02618,135.0269,1.4879,1.1936,1.7451,4.063E5,1.074E5,4.868E4,4.063E5,0.2397,0.9368,0.9358,4,-0.1667,5,1
311,1.4879,1.1507,1.7217,165.03714,165.03671,165.03746,2.019E5,4.895E4,2.069E4,2.019E5,0,1,8,4,[M-H]-,2,166.04368,318;311,,,,DETECTED,165.03714,165.03671,165.03746,1.4879,1.1507,1.7217,2.019E5,4.895E4,2.069E4,2.019E5,0.2452,0.8465,0.9646,,,5,1
312,1.4879,1.1878,2.1989,195.04884,195.04807,195.04907,4.454E6,1.523E6,1.769E5,4.454E6,17,1,8,,,,,,,,,DETECTED,195.04884,195.04807,195.04907,1.4879,1.1878,2.1989,4.454E6,1.523E6,1.769E5,4.454E6,0.2838,1.602,1.3024,17,-0.2542,3,1
314,1.4879,1.1878,1.609,215.03078,215.03049,215.03102,7.606E5,1.933E5,1.141E5,7.606E5,6,1,8,,,,,,,,,DETECTED,215.03078,215.03049,215.03102,1.4879,1.1878,1.609,7.606E5,1.933E5,1.141E5,7.606E5,0.2643,0.7016,0.3549,6,-0.2278,4,1
317,1.4879,1.3157,1.7217,279.03408,279.03217,279.03531,1.365E5,2.178E4,9.015E3,1.365E5,0,1,8,,,,,,,,,DETECTED,279.03408,279.03217,279.03531,1.4879,1.3157,1.7217,1.365E5,2.178E4,9.015E3,1.365E5,0.0946,1.1503,1.3237,,,3,1
318,1.4879,1.1289,1.8734,377.08411,377.08133,377.08646,1.642E5,5.227E4,1.525E4,1.642E5,0,1,8,4,[2M+FA]-,2,166.04368,318;311,,,,DETECTED,377.08411,377.08133,377.08646,1.4879,1.1289,1.8734,1.642E5,5.227E4,1.525E4,1.642E5,0.2794,1.0284,1.2134,,,3,1
321,1.4879,1.2068,1.6468,447.13288,447.13101,447.1355,3.575E5,5.896E4,9.925E3,3.575E5,2,1,8,,,,,,,,,DETECTED,447.13288,447.13101,447.1355,1.4879,1.2068,1.6468,3.575E5,5.896E4,9.925E3,3.575E5,0.0838,0.818,0.6964,2,-0.1149,2,1
325,1.5094,1.2801,1.8227,297.04493,297.04263,297.04611,3.499E5,4.598E4,7.989E3,3.499E5,1,1,8,5,[2M-2H+Na]-,2,138.03581,346;325,,,,DETECTED,297.04493,297.04263,297.04611,1.5094,1.2801,1.8227,3.499E5,4.598E4,7.989E3,3.499E5,0.0702,1.0261,0.7471,1,-0.0142,2,1
330,1.5206,1.3083,1.7451,226.99399,226.99324,226.99434,3.275E5,6.927E4,4.349E4,3.275E5,2,1,8,6,[M+Cl]-,2,192.02467,347;330,,,,DETECTED,226.99399,226.99324,226.99434,1.5206,1.3083,1.7451,3.275E5,6.927E4,4.349E4,3.275E5,0.2188,1.0289,1.0059,2,-0.0163,3,1
332,1.5206,1.2875,1.9071,275.95605,275.95395,275.95746,2.232E5,3.109E4,8.102E3,2.232E5,1,1,8,,,,,,,,,DETECTED,275.95605,275.95395,275.95746,1.5206,1.2875,1.9071,2.232E5,3.109E4,8.102E3,2.232E5,0.0799,1.289,1.2425,1,0.0072,2,1
339,1.5386,1.2372,2.2195,133.01176,133.01134,133.01193,1.225E7,3.542E6,4.495E5,1.225E7,18,1,8,,,,,,,,,DETECTED,133.01176,133.01134,133.01193,1.5386,1.2372,2.2195,1.225E7,3.542E6,4.495E5,1.225E7,0.2445,1.4799,2.2514,18,-0.2991,5,1
344,1.546,1.2372,1.798,134.01424,134.01398,134.01483,3.876E5,8.557E4,4.138E4,3.876E5,2,1,8,,,,,,,,,DETECTED,134.01424,134.01398,134.01483,1.546,1.2372,1.798,3.876E5,8.557E4,4.138E4,3.876E5,0.1455,0.9081,0.9391,2,-0.0401,4,1
346,1.546,1.2372,1.9795,173.00589,173.00542,173.00615,8.892E5,2.815E5,7.907E4,8.892E5,8,1,8,5,[M+Cl]-,2,138.03581,346;325,,,,DETECTED,173.00589,173.00542,173.00615,1.546,1.2372,1.9795,8.892E5,2.815E5,7.907E4,8.892E5,0.2833,1.2963,1.3528,8,-0.2412,2,1
347,1.546,1.2726,2.1588,191.01748,191.01691,191.01778,5.38E6,1.936E6,4.427E5,5.38E6,16,1,8,6,[M-H]-,2,192.02467,347;330,,,,DETECTED,191.01748,191.01691,191.01778,1.546,1.2726,2.1588,5.38E6,1.936E6,4.427E5,5.38E6,0.3045,1.7211,2.1548,16,-0.2338,3,1
349,1.546,1.4879,1.6468,303.95154,303.94971,303.953,2.1E5,1.235E4,1.094E4,2.1E5,0,1,8,,,,,,,,,DETECTED,303.95154,303.94971,303.953,1.546,1.4879,1.6468,2.1E5,1.235E4,1.094E4,2.1E5,0.0574,1.3896,1.2707,,,2,1
354,1.5999,1.3157,1.9491,187.9387,187.93819,187.93915,2.151E5,8.693E4,5.069E4,2.151E5,1,,,,,,,,,,,DETECTED,187.9387,187.93819,187.93915,1.5999,1.3157,1.9491,2.151E5,8.693E4,5.069E4,2.151E5,0.4361,1.1143,1.2286,1,0.0056,,
359,1.6823,1.6542,1.7377,358.0765,358.07587,358.0795,2.346E5,7.202E3,1.062E4,2.346E5,0,1,,,,,,,,,,DETECTED,358.0765,358.07587,358.0795,1.6823,1.6542,1.7377,2.346E5,7.202E3,1.062E4,2.346E5,0.0274,1.317,1.6099,,,2,1
361,1.7831,1.7641,1.8488,345.11743,345.11612,345.11795,4.749E5,1.358E4,1.12E4,4.749E5,1,1,43,,,,,,,,,DETECTED,345.11743,345.11612,345.11795,1.7831,1.7641,1.8488,4.749E5,1.358E4,1.12E4,4.749E5,0.0255,2.3111,2.6697,1,0.004,3,1
362,1.7923,1.7699,1.8545,323.13343,323.13107,323.13425,5.444E5,1.685E4,2.634E4,5.444E5,1,1,43,,,,,,,,,DETECTED,323.13343,323.13107,323.13425,1.7923,1.7699,1.8545,5.444E5,1.685E4,2.634E4,5.444E5,0.0252,1.8086,2.6705,1,-0.0035,3,1
364,1.894,1.8619,2.0025,193.05108,193.05042,193.05132,4.231E5,1.285E4,8.087E3,4.231E5,1,1,,,,,,,,,,DETECTED,193.05108,193.05042,193.05132,1.894,1.8619,2.0025,4.231E5,1.285E4,8.087E3,4.231E5,0.0242,1.804,1.434,1,-0.0035,4,1
366,1.9186,1.9014,1.9491,325.14921,325.14883,325.15082,8.176E4,1.671E3,1.15E4,8.176E4,0,1,,,,,,,,,,DETECTED,325.14921,325.14883,325.15082,1.9186,1.9014,1.9491,8.176E4,1.671E3,1.15E4,8.176E4,0.0189,1.386,1.5544,,,2,1
367,1.9376,1.9186,1.9795,371.0969,371.09406,371.09772,9.978E4,2.045E3,7.826E3,9.978E4,0,1,,,,,,,,,,DETECTED,371.0969,371.09406,371.09772,1.9376,1.9186,1.9795,9.978E4,2.045E3,7.826E3,9.978E4,0.0162,1.6006,2.2208,,,2,1
368,2.0025,1.9738,2.0595,203.07991,203.07912,203.0808,1.383E5,4.49E3,8.527E3,1.383E5,0,1,,,,,,,,,,DETECTED,203.07991,203.07912,203.0808,2.0025,1.9738,2.0595,1.383E5,4.49E3,8.527E3,1.383E5,0.0293,1.4946,1.845,,,2,1
369,2.0405,2.0159,2.1588,339.07031,339.0686,339.07214,2.86E5,9.92E3,7.712E3,2.86E5,1,1,,,,,,,,,,DETECTED,339.07031,339.0686,339.07214,2.0405,2.0159,2.1588,2.86E5,9.92E3,7.712E3,2.86E5,0.028,2.9795,2.5553,1,0.0041,2,1
370,2.071,2.0405,2.1473,323.1332,323.13123,323.13492,1.8E5,4.909E3,9.731E3,1.8E5,0,1,,,,,,,,,,DETECTED,323.1332,323.13123,323.13492,2.071,2.0405,2.1473,1.8E5,4.909E3,9.731E3,1.8E5,0.0198,1.4868,1.2466,,,2,1
371,2.0991,2.0538,2.1531,469.19063,469.18857,469.19281,4.065E5,1.21E4,1.215E4,4.065E5,0,1,,,,,,,,,,DETECTED,469.19063,469.18857,469.19281,2.0991,2.0538,2.1531,4.065E5,1.21E4,1.215E4,4.065E5,0.0369,1.2126,0.6684,,,3,1
372,2.1645,2.1416,2.3029,188.03209,188.03123,188.0325,9.734E4,5.056E3,7.921E3,9.734E4,0,1,,,,,,,,,,DETECTED,188.03209,188.03123,188.0325,2.1645,2.1416,2.3029,9.734E4,5.056E3,7.921E3,9.734E4,0.0325,3.4871,7.0321,,,3,1
375,2.184,2.1588,2.2795,327.10694,327.10547,327.10767,7.872E5,1.736E4,1.099E4,7.872E5,1,1,,,,,,,,,,DETECTED,327.10694,327.10547,327.10767,2.184,2.1588,2.2795,7.872E5,1.736E4,1.099E4,7.872E5,0.0177,1.6898,1.5118,1,-0.0035,3,1
376,2.2253,2.208,2.3178,445.13271,445.13046,445.13626,5.044E5,1.36E4,9.536E3,5.044E5,1,1,,,,,,,,,,DETECTED,445.13271,445.13046,445.13626,2.2253,2.208,2.3178,5.044E5,1.36E4,9.536E3,5.044E5,0.0211,3.0602,9.1478,1,0.0069,3,1
377,2.2795,2.2544,2.3678,501.1229,501.11978,501.12442,3.043E5,9.468E3,7.187E3,3.043E5,1,1,29,,,,,,,,,DETECTED,501.1229,501.11978,501.12442,2.2795,2.2544,2.3678,3.043E5,9.468E3,7.187E3,3.043E5,0.0235,2.1188,2.4325,1,-0.0035,3,1
378,2.2795,2.2544,2.3724,612.16128,612.15765,612.16571,4.134E5,1.595E4,8.511E3,4.134E5,0,1,29,,,,,,,,,DETECTED,612.16128,612.15765,612.16571,2.2795,2.2544,2.3724,4.134E5,1.595E4,8.511E3,4.134E5,0.0527,2.4331,3.962,,,4,1
380,2.2853,2.2544,2.3633,611.15979,611.15607,611.16095,1.888E6,6.489E4,3.268E4,1.888E6,1,1,29,,,,,,,,,DETECTED,611.15979,611.15607,611.16095,2.2853,2.2544,2.3633,1.888E6,6.489E4,3.268E4,1.888E6,0.0274,1.844,2.2905,1,-0.0109,4,1
381,2.3132,2.2898,2.3426,595.2584,595.25677,595.26099,1.006E5,1.889E3,9.468E3,1.006E5,0,1,,,,,,,,,,DETECTED,595.2584,595.25677,595.26099,2.3132,2.2898,2.3426,1.006E5,1.889E3,9.468E3,1.006E5,0.0169,1.0442,1.2441,,,2,1
382,2.3501,2.3293,2.4177,163.03672,163.03627,163.03719,9.607E4,2.636E3,8.01E3,9.607E4,0,1,33,,,,,,,,,DETECTED,163.03672,163.03627,163.03719,2.3501,2.3293,2.4177,9.607E4,2.636E3,8.01E3,9.607E4,0.0218,1.634,2.7526,,,2,1
383,2.3501,2.3132,2.4438,325.09112,325.09048,325.09222,1.455E6,3.441E4,1.315E4,1.455E6,1,1,33,,,,,,,,,DETECTED,325.09112,325.09048,325.09222,2.3501,2.3132,2.4438,1.455E6,3.441E4,1.315E4,1.455E6,0.0277,1.8311,1.4421,1,-0.011,3,1
386,2.3678,2.3426,2.4776,311.03895,311.03778,311.03998,1.493E5,5.652E3,1.024E4,1.493E5,0,1,,,,,,,,,,DETECTED,311.03895,311.03778,311.03998,2.3678,2.3426,2.4776,1.493E5,5.652E3,1.024E4,1.493E5,0.0257,2.5825,4.2555,,,2,1
387,2.3678,2.3559,2.3999,609.14136,609.13922,609.14423,1.063E5,1.889E3,8.384E3,1.063E5,0,1,,,,,,,,,,DETECTED,609.14136,609.13922,609.14423,2.3678,2.3559,2.3999,1.063E5,1.889E3,8.384E3,1.063E5,0.0147,1.6484,2.1323,,,2,1
389,2.4222,2.3999,2.4552,595.16369,595.16003,595.16528,1.287E5,3.024E3,1.207E4,1.287E5,0,1,,,,,,,,,,DETECTED,595.16369,595.16003,595.16528,2.4222,2.3999,2.4552,1.287E5,3.024E3,1.207E4,1.287E5,0.0225,1.3618,1.152,,,3,1
391,2.4701,2.4438,2.5391,325.09106,325.09027,325.0925,2.798E5,6.663E3,8.388E3,2.798E5,1,1,7,7,[M-H]-,2,326.0983,392;391,,,,DETECTED,325.09106,325.09027,325.0925,2.4701,2.4438,2.5391,2.798E5,6.663E3,8.388E3,2.798E5,0.0181,1.9079,2.7851,1,0.004,2,1
392,2.4701,2.4495,2.501,371.09647,371.09573,371.09766,5.542E4,1.291E3,7.335E3,5.542E4,0,1,7,7,[M+FA]-,2,326.0983,392;391,,,,DETECTED,371.09647,371.09573,371.09766,2.4701,2.4495,2.501,5.542E4,1.291E3,7.335E3,5.542E4,0.0216,1.2517,2.0317,,,2,1
393,2.5123,2.4895,2.5288,606.17961,606.17749,606.18384,8.745E4,1.698E3,9.782E3,8.745E4,0,1,,,,,,,,,,DETECTED,606.17961,606.17749,606.18384,2.5123,2.4895,2.5288,8.745E4,1.698E3,9.782E3,8.745E4,0.0174,0.8632,0.9622,,,2,1
394,2.5168,2.4953,2.5933,355.10176,355.09985,355.10388,3.223E5,8.187E3,6.314E3,3.223E5,1,1,,,,,,,,,,DETECTED,355.10176,355.09985,355.10388,2.5168,2.4953,2.5933,3.223E5,8.187E3,6.314E3,3.223E5,0.0202,2.0207,2.5498,1,0.0039,3,1
395,2.5333,2.5123,2.6163,315.10678,315.10611,315.10748,3.291E5,8.94E3,1.281E4,3.291E5,0,1,17,,,,,,,,,DETECTED,315.10678,315.10611,315.10748,2.5333,2.5123,2.6163,3.291E5,8.94E3,1.281E4,3.291E5,0.0202,2.5189,3.0803,,,3,1
396,2.5333,2.5123,2.6433,353.0495,353.04669,353.05127,9.747E4,4.212E3,7.953E3,9.747E4,0,1,17,,,,,,,,,DETECTED,353.0495,353.04669,353.05127,2.5333,2.5123,2.6433,9.747E4,4.212E3,7.953E3,9.747E4,0.0306,3.409,3.1279,,,2,1
397,2.5391,2.5068,2.7007,351.03342,351.02991,351.03448,1.628E5,8.398E3,7.282E3,1.628E5,0,1,17,,,,,,,,,DETECTED,351.03342,351.02991,351.03448,2.5391,2.5068,2.7007,1.628E5,8.398E3,7.282E3,1.628E5,0.0383,2.8195,6.749,,,2,1
399,2.5581,2.5391,2.5878,595.15317,595.15259,595.15692,1.383E5,2.406E3,9.177E3,1.383E5,0,1,,,,,,,,,,DETECTED,595.15317,595.15259,595.15692,2.5581,2.5391,2.5878,1.383E5,2.406E3,9.177E3,1.383E5,0.0186,1.2429,1.4541,,,4,1
402,2.5742,2.5639,2.6048,421.16148,421.15961,421.16235,9.008E4,1.814E3,1.245E4,9.008E4,0,1,,,,,,,,,,DETECTED,421.16148,421.15961,421.16235,2.5742,2.5639,2.6048,9.008E4,1.814E3,1.245E4,9.008E4,0.0201,1.9877,2.5433,,,2,1
403,2.6048,2.5878,2.6478,461.12736,461.12445,461.12799,9.762E4,2.46E3,1.073E4,9.762E4,0,1,,,,,,,,,,DETECTED,461.12736,461.12445,461.12799,2.6048,2.5878,2.6478,9.762E4,2.46E3,1.073E4,9.762E4,0.0202,1.7664,2.6357,,,2,1
404,2.6106,2.5742,2.7007,121.02632,121.02592,121.02647,2.011E5,8.454E3,6.691E3,2.011E5,0,1,21,,,,,,,,,DETECTED,121.02632,121.02592,121.02647,2.6106,2.5742,2.7007,2.011E5,8.454E3,6.691E3,2.011E5,0.0357,2.1652,2.8674,,,3,1
405,2.6106,2.5933,2.6478,439.17857,439.17697,439.18115,6.127E4,1.494E3,1.223E4,6.127E4,0,1,21,,,,,,,,,DETECTED,439.17857,439.17697,439.18115,2.6106,2.5933,2.6478,6.127E4,1.494E3,1.223E4,6.127E4,0.0207,1.5809,1.168,,,2,1
406,2.6208,2.5991,2.6725,506.14906,506.14792,506.1517,2.004E5,4.593E3,1.613E4,2.004E5,0,1,,,,,,,,,,DETECTED,506.14906,506.14792,506.1517,2.6208,2.5991,2.6725,2.004E5,4.593E3,1.613E4,2.004E5,0.0181,2.0348,2.639,,,2,1
407,2.6433,2.6106,2.7419,374.10743,374.10565,374.10855,3.611E5,1.081E4,7.131E3,3.611E5,0,1,,,,,,,,,,DETECTED,374.10743,374.10565,374.10855,2.6433,2.6106,2.7419,3.611E5,1.081E4,7.131E3,3.611E5,0.0216,1.8913,1.2703,,,3,1
408,2.6552,2.6329,2.763,437.16416,437.16156,437.1687,1.658E6,3.583E4,8.11E3,1.658E6,1,1,30,,,,,,,,,DETECTED,437.16416,437.16156,437.1687,2.6552,2.6329,2.763,1.658E6,3.583E4,8.11E3,1.658E6,0.0184,1.6245,2.0108,1,-0.0035,3,1
409,2.6552,2.6375,2.68,497.22122,497.21951,497.22177,1.369E5,2.582E3,2.337E4,1.369E5,0,1,30,,,,,,,,,DETECTED,497.22122,497.21951,497.22177,2.6552,2.6375,2.68,1.369E5,2.582E3,2.337E4,1.369E5,0.0191,1.1974,1.4306,,,2,1
412,2.68,2.6048,2.7951,433.20617,433.20282,433.20746,5.914E6,1.607E5,1.67E4,5.914E6,1,1,23,,,,,,,,,DETECTED,433.20617,433.20282,433.20746,2.68,2.6048,2.7951,5.914E6,1.607E5,1.67E4,5.914E6,0.0198,1.0523,0.4023,1,0.0023,4,1
414,2.68,2.661,2.7315,475.14286,475.14093,475.14474,1.954E5,4.471E3,7.743E3,1.954E5,0,1,23,,,,,,,,,DETECTED,475.14286,475.14093,475.14474,2.68,2.661,2.7315,1.954E5,4.471E3,7.743E3,1.954E5,0.0234,1.4995,1.411,,,2,1
415,2.68,2.661,2.7184,532.12137,532.1181,532.12402,9.669E4,2.256E3,9.513E3,9.669E4,0,1,23,,,,,,,,,DETECTED,532.12137,532.1181,532.12402,2.68,2.661,2.7184,9.669E4,2.256E3,9.513E3,9.669E4,0.0203,1.6998,1.6022,,,2,1
416,2.6903,2.6725,2.7361,579.26305,579.26202,579.26337,5.352E5,1.059E4,7.181E3,5.352E5,0,1,,,,,,,,,,DETECTED,579.26305,579.26202,579.26337,2.6903,2.6725,2.7361,5.352E5,1.059E4,7.181E3,5.352E5,0.0178,1.2805,1.9996,,,3,1
417,2.7007,2.6725,2.7733,431.18935,431.185,431.19189,2.047E5,6.207E3,7.133E3,2.047E5,0,1,,,,,,,,,,DETECTED,431.18935,431.185,431.19189,2.7007,2.6725,2.7733,2.047E5,6.207E3,7.133E3,2.047E5,0.0248,1.8147,1.7622,,,2,1
419,2.711,2.6903,2.7733,461.16481,461.16306,461.16583,1.11E6,2.233E4,8.129E3,1.11E6,1,1,,,,,,,,,,DETECTED,461.16481,461.16306,461.16583,2.711,2.6903,2.7733,1.11E6,2.233E4,8.129E3,1.11E6,0.0174,2.2655,2.6391,1,0.0023,3,1
420,2.7361,2.711,2.7791,274.10641,274.1059,274.10681,8.389E4,2.012E3,7.061E3,8.389E4,0,1,,,,,,,,,,DETECTED,274.10641,274.1059,274.10681,2.7361,2.711,2.7791,8.389E4,2.012E3,7.061E3,8.389E4,0.0206,1.4951,1.7217,,,2,1
421,2.7361,2.7184,2.7997,469.19067,469.18622,469.19153,4.544E5,1.069E4,1.005E4,4.544E5,1,1,,,,,,,,,,DETECTED,469.19067,469.18622,469.19153,2.7361,2.7184,2.7997,4.544E5,1.069E4,1.005E4,4.544E5,0.0199,2.1066,2.4999,1,0.0023,2,1
422,2.7464,2.711,2.7733,403.15779,403.15598,403.15985,5.293E4,1.646E3,1.086E4,5.293E4,0,1,,,,,,,,,,DETECTED,403.15779,403.15598,403.15985,2.7464,2.711,2.7733,5.293E4,1.646E3,1.086E4,5.293E4,0.0253,0.8799,0.7598,,,2,1
423,2.7555,2.7361,2.7848,365.14344,365.14206,365.14584,6.597E4,1.236E3,8.167E3,6.597E4,0,1,,,,,,,,,,DETECTED,365.14344,365.14206,365.14584,2.7555,2.7361,2.7848,6.597E4,1.236E3,8.167E3,6.597E4,0.0153,1.2544,2.1563,,,2,1
424,2.7906,2.7733,2.8324,727.23937,727.23737,727.24371,2.028E5,4.802E3,1.218E4,2.028E5,0,1,,,,,,,,,,DETECTED,727.23937,727.23737,727.24371,2.7906,2.7733,2.8324,2.028E5,4.802E3,1.218E4,2.028E5,0.0243,1.5458,1.6071,,,3,1
425,2.8042,2.7791,2.8713,181.04732,181.04684,181.04764,1.38E5,4.102E3,1.099E4,1.38E5,0,1,26,,,,,,,,,DETECTED,181.04732,181.04684,181.04764,2.8042,2.7791,2.8713,1.38E5,4.102E3,1.099E4,1.38E5,0.0255,1.7566,2.7689,,,3,1
426,2.8042,2.7791,2.8593,225.038,225.03734,225.03894,8.748E4,2.658E3,6.831E3,8.748E4,0,1,26,,,,,,,,,DETECTED,225.038,225.03734,225.03894,2.8042,2.7791,2.8593,8.748E4,2.658E3,6.831E3,8.748E4,0.0255,1.8758,2.6968,,,2,1
427,2.8324,2.8145,2.8845,625.13832,625.13385,625.13904,1.438E6,2.494E4,2.039E4,1.438E6,1,1,,,,,,,,,,DETECTED,625.13832,625.13385,625.13904,2.8324,2.8145,2.8845,1.438E6,2.494E4,2.039E4,1.438E6,0.0137,1.6584,1.7901,1,-0.0035,4,1
431,2.8502,2.7951,2.9051,433.20477,433.20285,433.20721,1.743E5,4.785E3,8.207E3,1.743E5,0,1,,,,,,,,,,DETECTED,433.20477,433.20285,433.20721,2.8502,2.7951,2.9051,1.743E5,4.785E3,8.207E3,1.743E5,0.0154,0.818,0.5272,,,2,1
433,2.8713,2.8593,2.9142,173.00601,173.00587,173.00638,4.458E5,1.295E4,5.793E4,4.458E5,1,1,24,,,,,,,,,DETECTED,173.00601,173.00587,173.00638,2.8713,2.8593,2.9142,4.458E5,1.295E4,5.793E4,4.458E5,0.0267,2.2946,4.6338,1,0.004,2,1
434,2.8713,2.8457,2.9829,337.05502,337.05405,337.05582,4.727E6,1.605E5,1.572E4,4.727E6,2,1,24,,,,,,,,,DETECTED,337.05502,337.05405,337.05582,2.8713,2.8457,2.9829,4.727E6,1.605E5,1.572E4,4.727E6,0.0273,2.9458,4.6389,2,-0.0035,4,1
437,2.8713,2.8548,2.9544,405.04081,405.03915,405.04306,1.386E5,4.861E3,9.566E3,1.386E5,0,1,24,,,,,,,,,DETECTED,405.04081,405.03915,405.04306,2.8713,2.8548,2.9544,1.386E5,4.861E3,9.566E3,1.386E5,0.0297,3.0119,5.255,,,2,1
440,2.8788,2.8548,2.9354,371.09629,371.09534,371.09686,2.171E5,5.89E3,1.182E4,2.171E5,0,1,24,,,,,,,,,DETECTED,371.09629,371.09534,371.09686,2.8788,2.8548,2.9354,2.171E5,5.89E3,1.182E4,2.171E5,0.0223,1.6923,2.3989,,,2,1
441,2.9142,2.8903,2.9411,431.18863,431.18631,431.18985,8.128E4,1.962E3,8.79E3,8.128E4,0,1,,,,,,,,,,DETECTED,431.18863,431.18631,431.18985,2.9142,2.8903,2.9411,8.128E4,1.962E3,8.79E3,8.128E4,0.0225,1.0623,0.8951,,,2,1
442,2.9187,2.9005,2.9469,441.19478,441.194,441.19617,9.235E4,1.576E3,8.224E3,9.235E4,0,1,,,,,,,,,,DETECTED,441.19478,441.194,441.19617,2.9187,2.9005,2.9469,9.235E4,1.576E3,8.224E3,9.235E4,0.0142,1.2417,1.5141,,,2,1
443,2.9245,2.9096,2.9544,595.12849,595.12585,595.12994,7.221E4,1.411E3,1.285E4,7.221E4,0,1,,,,,,,,,,DETECTED,595.12849,595.12585,595.12994,2.9245,2.9096,2.9544,7.221E4,1.411E3,1.285E4,7.221E4,0.0191,1.5064,2.3898,,,2,1
444,2.9354,2.9187,2.9783,274.10673,274.10626,274.10858,8.42E4,2.009E3,8.162E3,8.42E4,0,1,,,,,,,,,,DETECTED,274.10673,274.10626,274.10858,2.9354,2.9187,2.9783,8.42E4,2.009E3,8.162E3,8.42E4,0.0199,1.5895,2.6447,,,2,1
445,2.9354,2.9096,3.0565,398.1225,398.12051,398.12283,2.633E6,7.588E4,2.05E4,2.633E6,1,1,,,,,,,,,,DETECTED,398.1225,398.12051,398.12283,2.9354,2.9096,3.0565,2.633E6,7.588E4,2.05E4,2.633E6,0.025,2.0382,2.0515,1,-0.0035,4,1
448,2.9544,2.9245,3.0765,161.07879,161.07823,161.07927,4.282E5,1.355E4,1.115E4,4.282E5,1,1,39,,,,,,,,,DETECTED,161.07879,161.07823,161.07927,2.9544,2.9245,3.0765,4.282E5,1.355E4,1.115E4,4.282E5,0.0222,2.2965,2.5076,1,-0.0035,2,1
449,2.9544,2.9245,3.011,203.08973,203.08904,203.09003,1.213E5,3.68E3,1.077E4,1.213E5,0,1,39,,,,,,,,,DETECTED,203.08973,203.08904,203.09003,2.9544,2.9245,3.011,1.213E5,3.68E3,1.077E4,1.213E5,0.0235,1.9298,8.1332,,,2,1
450,2.9635,2.9187,3.0019,439.1788,439.17715,439.18372,1.374E5,3.528E3,8.785E3,1.374E5,0,1,,,,,,,,,,DETECTED,439.1788,439.17715,439.18372,2.9635,2.9187,3.0019,1.374E5,3.528E3,8.785E3,1.374E5,0.0287,0.8014,0.8597,,,2,1
455,3.011,2.9829,3.3683,337.05561,337.05298,337.05606,1.961E7,7.305E5,3.03E4,1.961E7,3,1,22,,,,,,,,,DETECTED,337.05561,337.05298,337.05606,3.011,2.9829,3.3683,1.961E7,7.305E5,3.03E4,1.961E7,0.0259,2.2273,3.7178,3,-0.0126,3,1
456,3.011,2.9944,3.0675,337.0981,337.09732,337.09845,1.432E5,4.127E3,2.742E4,1.432E5,0,1,,,,,,,,,,DETECTED,337.0981,337.09732,337.09845,3.011,2.9944,3.0675,1.432E5,4.127E3,2.742E4,1.432E5,0.0261,2.1931,4.1276,,,2,1
459,3.011,2.9886,3.1339,405.04081,405.03867,405.04346,3.255E5,1.143E4,7.716E3,3.255E5,0,1,22,,,,,,,,,DETECTED,405.04081,405.03867,405.04346,3.011,2.9886,3.1339,3.255E5,1.143E4,7.716E3,3.255E5,0.0325,1.7687,2.1539,,,2,1
463,3.011,2.9886,3.0565,436.97688,436.97586,436.97867,1.453E5,3.672E3,1.365E4,1.453E5,0,1,22,,,,,,,,,DETECTED,436.97688,436.97586,436.97867,3.011,2.9886,3.0565,1.453E5,3.672E3,1.365E4,1.453E5,0.0227,1.6461,2.1332,,,4,1
464,3.0363,2.9829,3.0961,173.07853,173.07811,173.07907,9.569E4,3.455E3,8.122E3,9.569E4,0,1,9,,,,,,,,,DETECTED,173.07853,173.07811,173.07907,3.0363,2.9829,3.0961,9.569E4,3.455E3,8.122E3,9.569E4,0.0264,1.0208,1.1191,,,2,1
465,3.0363,3.011,3.0961,439.17907,439.17542,439.18155,4.897E5,1.182E4,7.93E3,4.897E5,1,1,9,,,,,,,,,DETECTED,439.17907,439.17542,439.18155,3.0363,3.011,3.0961,4.897E5,1.182E4,7.93E3,4.897E5,0.0211,1.7926,1.5862,1,0.004,3,1
466,3.0363,3.026,3.0886,609.14302,609.14105,609.14758,6.838E5,1.44E4,3.646E4,6.838E5,1,1,,,,,,,,,,DETECTED,609.14302,609.14105,609.14758,3.0363,3.026,3.0886,6.838E5,1.44E4,3.646E4,6.838E5,0.019,2.5264,2.8503,1,0.0057,3,1
467,3.0363,3.0214,3.0765,610.14451,610.13837,610.14996,1.656E5,3.585E3,1.067E4,1.656E5,0,1,9,,,,,,,,,DETECTED,610.14451,610.13837,610.14996,3.0363,3.0214,3.0765,1.656E5,3.585E3,1.067E4,1.656E5,0.0195,2.4055,3.3711,,,3,1
468,3.0363,3.0169,3.1007,655.14531,655.14087,655.14844,3.524E5,7.495E3,1.076E4,3.524E5,0,1,9,,,,,,,,,DETECTED,655.14531,655.14087,655.14844,3.0363,3.0169,3.1007,3.524E5,7.495E3,1.076E4,3.524E5,0.0225,2.405,3.0688,,,3,1
470,3.0565,2.9886,3.1007,173.00608,173.00592,173.0067,1.223E6,5.675E4,2.249E4,1.223E6,2,1,6,,,,,,,,,DETECTED,173.00608,173.00592,173.0067,3.0565,2.9886,3.1007,1.223E6,5.675E4,2.249E4,1.223E6,0.0457,1.1299,0.4815,2,-0.0506,2,1
474,3.0565,3.026,3.1173,367.06559,367.06473,367.06577,1.367E7,3.255E5,1.9E4,1.367E7,2,1,6,,,,,,,,,DETECTED,367.06559,367.06473,367.06577,3.0565,3.026,3.1173,1.367E7,3.255E5,1.9E4,1.367E7,0.0208,1.7261,1.5586,2,-0.0029,4,1
478,3.0565,3.0363,3.1551,563.13705,563.13403,563.14026,2.08E5,7.384E3,1.125E4,2.08E5,0,1,,,,,,,,,,DETECTED,563.13705,563.13403,563.14026,3.0565,3.0363,3.1551,2.08E5,7.384E3,1.125E4,2.08E5,0.0638,3.5018,8.4679,,,2,1
479,3.0565,3.0363,3.1413,667.15188,667.14575,667.15234,2.122E7,4.947E5,1.616E5,2.122E7,2,1,,,,,,,,,,DETECTED,667.15188,667.14575,667.15234,3.0565,3.0363,3.1413,2.122E7,4.947E5,1.616E5,2.122E7,0.0193,1.5359,1.4431,2,-0.0042,5,1
481,3.0565,3.0363,3.0886,667.26805,667.26697,667.26917,1.671E5,3.93E3,2.711E4,1.671E5,0,1,,,,,,,,,,DETECTED,667.26805,667.26697,667.26917,3.0565,3.0363,3.0886,1.671E5,3.93E3,2.711E4,1.671E5,0.0222,1.2942,1.4846,,,2,1
483,3.0565,3.0317,3.1248,669.15071,669.14679,669.15387,1.115E6,2.582E4,9.999E3,1.115E6,0,1,6,,,,,,,,,DETECTED,669.15071,669.14679,669.15387,3.0565,3.0317,3.1248,1.115E6,2.582E4,9.999E3,1.115E6,0.0189,1.5858,1.6521,,,5,1
485,3.0565,3.0317,3.1173,713.1522,713.14691,713.1535,3.26E6,7.019E4,1.67E4,3.26E6,1,1,6,,,,,,,,,DETECTED,713.1522,713.14691,713.1535,3.0565,3.0317,3.1173,3.26E6,7.019E4,1.67E4,3.26E6,0.0173,1.3579,20.346,1,0.004,4,1
489,3.0565,3.0363,3.0811,1035.21129,1035.20593,1035.21265,2.968E5,4.807E3,1.405E4,2.968E5,0,1,,,,,,,,,,DETECTED,1035.21129,1035.20593,1035.21265,3.0565,3.0363,3.0811,2.968E5,4.807E3,1.405E4,2.968E5,0.0142,0.9934,0.8917,,,3,1
491,3.0886,3.0675,3.1551,307.13815,307.13739,307.13864,2.456E5,7.104E3,9.892E3,2.456E5,0,1,,,,,,,,,,DETECTED,307.13815,307.13739,307.13864,3.0886,3.0675,3.1551,2.456E5,7.104E3,9.892E3,2.456E5,0.0229,1.6897,1.6477,,,2,1
496,3.1413,3.1173,3.3159,367.06525,367.06332,367.06668,1.61E6,5.193E4,1.628E4,1.61E6,1,1,1,,,,,,,,,DETECTED,367.06525,367.06332,367.06668,3.1413,3.1173,3.3159,1.61E6,5.193E4,1.628E4,1.61E6,0.0222,1.7654,1.9976,1,0.0264,3,1
498,3.1413,3.1248,3.1841,443.16667,443.16528,443.16983,2.93E5,5.681E3,9.016E3,2.93E5,1,1,1,,,,,,,,,DETECTED,443.16667,443.16528,443.16983,3.1413,3.1248,3.1841,2.93E5,5.681E3,9.016E3,2.93E5,0.0195,1.8967,2.3905,1,0.0041,4,1
501,3.1413,3.1173,3.2754,453.19698,453.19366,453.19742,1.368E7,2.966E5,8.06E3,1.368E7,1,1,1,,,,,,,,,DETECTED,453.19698,453.19366,453.19742,3.1413,3.1173,3.2754,1.368E7,2.966E5,8.06E3,1.368E7,0.0196,1.5928,2.0049,1,-0.0051,4,1
507,3.1413,3.1248,3.1609,521.18167,521.18054,521.18243,1.819E5,3.476E3,2.372E4,1.819E5,0,1,1,,,,,,,,,DETECTED,521.18167,521.18054,521.18243,3.1413,3.1248,3.1609,1.819E5,3.476E3,2.372E4,1.819E5,0.0195,1.0917,1.5803,,,2,1
508,3.1413,3.1248,3.1784,552.11096,552.10968,552.11432,1.039E5,2.374E3,7.972E3,1.039E5,0,1,1,,,,,,,,,DETECTED,552.11096,552.10968,552.11432,3.1413,3.1248,3.1784,1.039E5,2.374E3,7.972E3,1.039E5,0.022,1.5402,2.3379,,,3,1
509,3.1505,3.1293,3.3159,447.09219,447.08838,447.0943,8.742E5,2.175E4,8.397E3,8.742E5,1,1,,,,,,,,,,DETECTED,447.09219,447.08838,447.0943,3.1505,3.1293,3.3159,8.742E5,2.175E4,8.397E3,8.742E5,0.0183,2.1468,2.3437,1,-0.0035,4,1
511,3.1729,3.1551,3.2229,449.20037,449.19946,449.20078,4.283E5,7.928E3,6.901E3,4.283E5,1,1,46,,,,,,,,,DETECTED,449.20037,449.19946,449.20078,3.1729,3.1551,3.2229,4.283E5,7.928E3,6.901E3,4.283E5,0.0163,1.7429,1.8058,1,0.0078,6,1
512,3.1729,3.1551,3.2035,467.16587,467.16306,467.1673,5.201E4,9.763E2,8.79E3,5.201E4,0,1,46,,,,,,,,,DETECTED,467.16587,467.16306,467.1673,3.1729,3.1551,3.2035,5.201E4,9.763E2,8.79E3,5.201E4,0.0154,1.3618,1.4593,,,2,1
513,3.1729,3.1505,3.2081,769.17453,769.16907,769.17554,1.739E5,3.789E3,8.047E3,1.739E5,0,1,,,,,,,,,,DETECTED,769.17453,769.16907,769.17554,3.1729,3.1505,3.2081,1.739E5,3.789E3,8.047E3,1.739E5,0.0188,1.1694,1.1815,,,3,1
515,3.2287,3.2138,3.2708,458.14335,458.1398,458.14545,1.089E5,2.359E3,7.866E3,1.089E5,0,1,,,,,,,,,,DETECTED,458.14335,458.1398,458.14545,3.2287,3.2138,3.2708,1.089E5,2.359E3,7.866E3,1.089E5,0.0198,2.2149,3.1307,,,2,1
517,3.2378,3.2184,3.2754,509.22135,509.21829,509.22186,2.397E5,5.316E3,9.318E3,2.397E5,1,1,,,,,,,,,,DETECTED,509.22135,509.21829,509.22186,3.2378,3.2184,3.2754,2.397E5,5.316E3,9.318E3,2.397E5,0.0214,1.307,1.6379,1,0.0069,3,1
518,3.2481,3.1082,3.4659,171.06298,171.06252,171.06352,1.475E5,1.712E4,7.017E3,1.475E5,0,1,,,,,,,,,,DETECTED,171.06298,171.06252,171.06352,3.2481,3.1082,3.4659,1.475E5,1.712E4,7.017E3,1.475E5,0.1184,1.3305,1.3785,,,2,1
519,3.2557,3.2332,3.2754,433.20547,433.20383,433.20706,5.647E4,1.145E3,9.975E3,5.647E4,0,1,,,,,,,,,,DETECTED,433.20547,433.20383,433.20706,3.2557,3.2332,3.2754,5.647E4,1.145E3,9.975E3,5.647E4,0.0184,0.9389,0.8242,,,2,1
520,3.2754,3.2481,3.2953,173.0061,173.00606,173.0063,5.393E5,1.147E4,6.857E4,5.393E5,1,1,11,,,,,,,,,DETECTED,173.0061,173.00606,173.0063,3.2754,3.2481,3.2953,5.393E5,1.147E4,6.857E4,5.393E5,0.0196,0.8656,1.5123,1,0.0023,2,1
521,3.2754,3.2557,3.3372,252.04355,252.04276,252.04373,4.679E5,1.269E4,1.184E4,4.679E5,1,1,11,,,,,,,,,DETECTED,252.04355,252.04276,252.04373,3.2754,3.2557,3.3372,4.679E5,1.269E4,1.184E4,4.679E5,0.0252,2.5157,3.1884,1,0.0039,2,1
522,3.2754,3.2287,3.3786,295.04413,295.04141,295.04443,1.879E6,4.629E4,9.052E3,1.879E6,1,1,11,,,,,,,,,DETECTED,295.04413,295.04141,295.04443,3.2754,3.2287,3.3786,1.879E6,4.629E4,9.052E3,1.879E6,0.094,2.3751,0.6759,1,-0.0232,3,1
524,3.2754,3.2184,3.3159,467.1172,467.11499,467.1185,2.552E5,1.048E4,1.963E4,2.552E5,1,1,11,,,,,,,,,DETECTED,467.1172,467.11499,467.1185,3.2754,3.2184,3.3159,2.552E5,1.048E4,1.963E4,2.552E5,0.035,0.8556,0.5538,1,0.0148,3,1
525,3.2754,3.2632,3.3327,503.08007,503.07858,503.0834,7.664E4,2.264E3,7.904E3,7.664E4,0,1,11,,,,,,,,,DETECTED,503.08007,503.07858,503.0834,3.2754,3.2632,3.3327,7.664E4,2.264E3,7.904E3,7.664E4,0.0243,2.8562,3.3707,,,2,1
526,3.2754,3.2184,3.3056,563.13599,563.13202,563.13965,1.969E5,4.425E3,1.155E4,1.969E5,0,1,11,,,,,,,,,DETECTED,563.13599,563.13202,563.13965,3.2754,3.2184,3.3056,1.969E5,4.425E3,1.155E4,1.969E5,0.0193,1.137,0.532,,,3,1
527,3.2754,3.2632,3.3056,753.29051,753.28735,753.29181,1.116E5,1.96E3,1.898E4,1.116E5,0,1,,,,,,,,,,DETECTED,753.29051,753.28735,753.29181,3.2754,3.2632,3.3056,1.116E5,1.96E3,1.898E4,1.116E5,0.0154,1.7427,2.8541,,,2,1
531,3.2754,3.2557,3.3327,775.12241,775.11865,775.12695,1.526E5,4.726E3,8.311E3,1.526E5,0,1,11,,,,,,,,,DETECTED,775.12241,775.11865,775.12695,3.2754,3.2557,3.3327,1.526E5,4.726E3,8.311E3,1.526E5,0.0261,1.7357,3.2889,,,2,1
537,3.2878,3.2557,3.3234,710.15727,710.15381,710.15948,1.106E5,3.049E3,9.731E3,1.106E5,0,1,11,,,,,,,,,DETECTED,710.15727,710.15381,710.15948,3.2878,3.2557,3.3234,1.106E5,3.049E3,9.731E3,1.106E5,0.0234,1.1223,1.0944,,,3,1
543,3.3234,3.2998,3.3683,637.13662,637.13202,637.13977,4.712E5,9.657E3,1.582E4,4.712E5,0,1,34,,,,,,,,,DETECTED,637.13662,637.13202,637.13977,3.3234,3.2998,3.3683,4.712E5,9.657E3,1.582E4,4.712E5,0.0178,1.2233,1.2932,,,3,1
545,3.3234,3.3056,3.3498,683.13694,683.13092,683.14014,5.61E4,1.089E3,1.278E4,5.61E4,0,1,34,,,,,,,,,DETECTED,683.13694,683.13092,683.14014,3.3234,3.3056,3.3498,5.61E4,1.089E3,1.278E4,5.61E4,0.018,1.2384,1.4768,,,2,1
546,3.3327,3.2953,3.4452,405.09101,405.08908,405.09259,3.104E6,6.443E4,8.532E3,3.104E6,1,1,32,,,,,,,,,DETECTED,405.09101,405.08908,405.09259,3.3327,3.2953,3.4452,3.104E6,6.443E4,8.532E3,3.104E6,0.0173,2.02,6.3925,1,-0.0035,3,1
547,3.3327,3.3159,3.3608,431.54419,431.54376,431.54642,1.056E5,2.106E3,1.752E4,1.056E5,0,1,,,,,,,,,,DETECTED,431.54419,431.54376,431.54642,3.3327,3.3159,3.3608,1.056E5,2.106E3,1.752E4,1.056E5,0.0192,1.3373,1.0847,,,2,1
549,3.3327,3.3159,3.3786,833.16439,833.16083,833.17188,1.889E5,3.913E3,1.186E4,1.889E5,0,1,32,,,,,,,,,DETECTED,833.16439,833.16083,833.17188,3.3327,3.3159,3.3786,1.889E5,3.913E3,1.186E4,1.889E5,0.0181,1.8779,4.3744,,,4,1
552,3.3372,3.2481,3.4349,449.10651,449.10486,449.10849,7.136E5,4.51E4,4.861E4,7.136E5,2,1,32,,,,,,,,,DETECTED,449.10651,449.10486,449.10849,3.3372,3.2481,3.4349,7.136E5,4.51E4,4.861E4,7.136E5,0.0816,1.3767,0.9088,2,-0.0563,2,1
553,3.3372,3.3159,3.5309,467.11687,467.11349,467.12045,2.715E5,1.695E4,1.963E4,2.715E5,1,1,32,,,,,,,,,DETECTED,467.11687,467.11349,467.12045,3.3372,3.3159,3.5309,2.715E5,1.695E4,1.963E4,2.715E5,0.0352,5.7252,7.6993,1,0.0148,3,1
556,3.3372,3.3159,3.3608,811.19566,811.19049,811.1969,1.34E7,2.618E5,1.579E6,1.34E7,1,1,,,,,,,,,,DETECTED,811.19566,811.19049,811.1969,3.3372,3.3159,3.3608,1.34E7,2.618E5,1.579E6,1.34E7,0.0185,1.0523,1.6816,1,-0.0097,5,1
561,3.3498,3.3327,3.4171,489.10086,489.0983,489.10629,3.135E5,8.193E3,1.115E4,3.135E5,1,,,,,,,,,,,DETECTED,489.10086,489.0983,489.10629,3.3498,3.3327,3.4171,3.135E5,8.193E3,1.115E4,3.135E5,0.0232,2.5383,3.2028,1,0.015,,
562,3.3498,3.3327,3.451,651.15713,651.15161,651.15771,2.207E7,5.681E5,1.08E5,2.207E7,2,1,,,,,,,,,,DETECTED,651.15713,651.15161,651.15771,3.3498,3.3327,3.451,2.207E7,5.681E5,1.08E5,2.207E7,0.0235,2.2507,3.1139,2,-0.0064,5,1
565,3.3498,3.3327,3.374,654.15522,654.15039,654.15918,1.82E5,3.783E3,1.6E4,1.82E5,0,1,,,,,,,,,,DETECTED,654.15522,654.15039,654.15918,3.3498,3.3327,3.374,1.82E5,3.783E3,1.6E4,1.82E5,0.0221,1.4289,1.9609,,,5,1
568,3.3498,3.3234,3.4349,697.16154,697.15558,697.16229,1.691E7,4.035E5,7.199E4,1.691E7,1,1,,,,,,,,,,DETECTED,697.16154,697.15558,697.16229,3.3498,3.3234,3.4349,1.691E7,4.035E5,7.199E4,1.691E7,0.0214,2.186,2.8489,1,-0.0046,5,1
573,3.3498,3.3327,3.4171,769.08259,769.07642,769.08826,4.779E5,1.165E4,7.99E3,4.779E5,1,1,,,,,,,,,,DETECTED,769.08259,769.07642,769.08826,3.3498,3.3327,3.4171,4.779E5,1.165E4,7.99E3,4.779E5,0.0209,1.7639,2.7511,1,0.0076,4,1
574,3.401,3.3683,3.4452,415.19495,415.19263,415.19678,1.056E6,2.183E4,9.295E3,1.056E6,0,1,,,,,,,,,,DETECTED,415.19495,415.19263,415.19678,3.401,3.3683,3.4452,1.056E6,2.183E4,9.295E3,1.056E6,0.0175,1.2072,1.2486,,,3,1
576,3.4304,3.4113,3.451,441.19381,441.19196,441.19595,5.733E4,1.064E3,1.035E4,5.733E4,0,1,,,,,,,,,,DETECTED,441.19381,441.19196,441.19595,3.4304,3.4113,3.451,5.733E4,1.064E3,1.035E4,5.733E4,0.0164,1.042,0.9064,,,2,1
577,3.4555,3.4228,3.546,431.0959,431.09222,431.09772,9.81E5,2.444E4,1.157E4,9.81E5,1,1,,,,,,,,,,DETECTED,431.0959,431.09222,431.09772,3.4555,3.4228,3.546,9.81E5,2.444E4,1.157E4,9.81E5,0.0179,1.8761,1.4064,1,-0.008,3,1
579,3.4601,3.4407,3.5172,442.14804,442.14526,442.14938,9.536E4,2.679E3,7.097E3,9.536E4,0,1,,,,,,,,,,DETECTED,442.14804,442.14526,442.14938,3.4601,3.4407,3.5172,9.536E4,2.679E3,7.097E3,9.536E4,0.0229,1.9861,2.6225,,,2,1
580,3.4659,3.4452,3.5072,415.19537,415.19275,415.19571,1.749E6,3.355E4,3.141E4,1.749E6,0,1,,,,,,,,,,DETECTED,415.19537,415.19275,415.19571,3.4659,3.4452,3.5072,1.749E6,3.355E4,3.141E4,1.749E6,0.0164,1.5599,1.8078,,,3,1
582,3.4894,3.3934,3.5309,447.09077,447.08826,447.09378,1.43E5,6.819E3,8.531E3,1.43E5,0,1,42,,,,,,,,,DETECTED,447.09077,447.08826,447.09378,3.4894,3.3934,3.5309,1.43E5,6.819E3,8.531E3,1.43E5,0.0739,0.7781,0.3722,,,2,1
583,3.4894,3.4734,3.5309,449.10669,449.10568,449.10767,3.767E5,9.177E3,5.575E4,3.767E5,1,1,42,,,,,,,,,DETECTED,449.10669,449.10568,449.10767,3.4894,3.4734,3.5309,3.767E5,9.177E3,5.575E4,3.767E5,0.0215,1.7935,2.833,1,0.004,3,1
585,3.5072,3.4894,3.5309,227.12651,227.12614,227.12703,5.304E4,1.065E3,1.616E4,5.304E4,0,1,41,,,,,,,,,DETECTED,227.12651,227.12614,227.12703,3.5072,3.4894,3.5309,5.304E4,1.065E3,1.616E4,5.304E4,0.0189,1.1686,1.3372,,,2,1
587,3.5072,3.4849,3.546,455.21167,455.2095,455.21216,1.116E6,2.287E4,4.305E4,1.116E6,0,1,41,,,,,,,,,DETECTED,455.21167,455.2095,455.21216,3.5072,3.4849,3.546,1.116E6,2.287E4,4.305E4,1.116E6,0.0178,1.3211,1.3234,,,4,1
589,3.5218,3.4894,3.5567,429.17398,429.17249,429.17496,5.247E4,1.686E3,9.215E3,5.247E4,0,1,,,,,,,,,,DETECTED,429.17398,429.17249,429.17496,3.5218,3.4894,3.5567,5.247E4,1.686E3,9.215E3,5.247E4,0.0279,1.0391,1.3123,,,2,1
590,3.5309,3.5072,3.6727,415.19452,415.19257,415.19708,7.446E5,2.705E4,8.732E3,7.446E5,0,1,14,,,,,,,,,DETECTED,415.19452,415.19257,415.19708,3.5309,3.5072,3.6727,7.446E5,2.705E4,8.732E3,7.446E5,0.0561,2.5166,2.9027,,,3,1
591,3.5309,3.5072,3.5928,570.32587,570.323,570.33044,9.44E5,2.203E4,1.245E4,9.44E5,1,1,14,,,,,,,,,DETECTED,570.32587,570.323,570.33044,3.5309,3.5072,3.5928,9.44E5,2.203E4,1.245E4,9.44E5,0.0209,1.3297,0.8679,1,-0.0068,3,1
597,3.546,3.4601,3.6212,337.05474,337.05325,337.05588,6.514E4,3.671E3,1.112E4,6.514E4,0,1,,,,,,,,,,DETECTED,337.05474,337.05325,337.05588,3.546,3.4601,3.6212,6.514E4,3.671E3,1.112E4,6.514E4,0.0451,0.9377,0.261,,,2,1
598,3.546,3.5309,3.683,447.09139,447.08865,447.0936,1.467E6,4.093E4,1.673E4,1.467E6,1,1,19,,,,,,,,,DETECTED,447.09139,447.08865,447.0936,3.546,3.5309,3.683,1.467E6,4.093E4,1.673E4,1.467E6,0.0201,3.9014,3.0813,1,0.0058,2,1
599,3.546,3.5309,3.6212,449.10645,449.1055,449.10767,1.486E6,3.753E4,5.575E4,1.486E6,2,1,19,,,,,,,,,DETECTED,449.10645,449.1055,449.10767,3.546,3.5309,3.6212,1.486E6,3.753E4,5.575E4,1.486E6,0.0188,2.9001,3.0403,2,0.0041,3,1
601,3.546,3.5172,3.6476,489.10089,489.09784,489.10541,6.891E5,1.976E4,7.77E3,6.891E5,1,1,19,,,,,,,,,DETECTED,489.10089,489.09784,489.10541,3.546,3.5172,3.6476,6.891E5,1.976E4,7.77E3,6.891E5,0.0217,3.0168,3.3369,1,0.0075,3,1
602,3.546,3.5218,3.5794,526.29808,526.29578,526.30054,8.255E4,1.766E3,6.631E3,8.255E4,0,1,,,,,,,,,,DETECTED,526.29808,526.29578,526.30054,3.546,3.5218,3.5794,8.255E4,1.766E3,6.631E3,8.255E4,0.0222,1.6313,1.8699,,,2,1
603,3.546,3.5309,3.6269,693.16365,693.15967,693.16547,1.673E6,5.156E4,2.462E4,1.673E6,1,1,,,,,,,,,,DETECTED,693.16365,693.15967,693.16547,3.546,3.5309,3.6269,1.673E6,5.156E4,2.462E4,1.673E6,0.0284,2.3453,2.9656,1,-0.0035,4,1
605,3.546,3.5309,3.5928,737.15711,737.15161,737.15857,1.028E7,2.394E5,5.994E5,1.028E7,1,1,,,,,,,,,,DETECTED,737.15711,737.15161,737.15857,3.546,3.5309,3.5928,1.028E7,2.394E5,5.994E5,1.028E7,0.022,1.8561,1.9273,1,-0.0052,6,1
607,3.546,3.5309,3.5749,737.2908,737.28674,737.29431,1.092E5,2.059E3,7.961E3,1.092E5,0,1,,,,,,,,,,DETECTED,737.2908,737.28674,737.29431,3.546,3.5309,3.5749,1.092E5,2.059E3,7.961E3,1.092E5,0.0179,1.334,1.5543,,,2,1
608,3.546,3.5309,3.604,738.15647,738.15265,738.15839,3.07E6,6.975E4,1.076E5,3.07E6,0,1,,,,,,,,,,DETECTED,738.15647,738.15265,738.15839,3.546,3.5309,3.604,3.07E6,6.975E4,1.076E5,3.07E6,0.0206,1.8465,2.1013,,,6,1
611,3.546,3.5218,3.5928,805.13401,805.12927,805.13702,2.22E5,7.226E3,1.393E4,2.22E5,0,1,19,,,,,,,,,DETECTED,805.13401,805.12927,805.13702,3.546,3.5218,3.5928,2.22E5,7.226E3,1.393E4,2.22E5,0.0304,2.0367,2.7297,,,3,1
618,3.5703,3.3498,3.8662,258.99928,258.99872,258.99985,1.317E5,4.565E4,4.999E4,1.317E5,0,1,,,,,,,,,,DETECTED,258.99928,258.99872,258.99985,3.5703,3.3498,3.8662,1.317E5,4.565E4,4.999E4,1.317E5,0.3735,1.1706,1.3413,,,12,1
621,3.5928,3.5749,3.7127,463.08588,463.08295,463.08878,3.518E5,1.21E4,7.843E3,3.518E5,1,1,16,,,,,,,,,DETECTED,463.08588,463.08295,463.08878,3.5928,3.5749,3.7127,3.518E5,1.21E4,7.843E3,3.518E5,0.0276,2.4614,4.1106,1,0.0061,2,1
623,3.5928,3.5794,3.6212,795.26633,795.2608,795.26752,2.822E5,5.58E3,4.995E4,2.822E5,0,1,,,,,,,,,,DETECTED,795.26633,795.2608,795.26752,3.5928,3.5794,3.6212,2.822E5,5.58E3,4.995E4,2.822E5,0.0182,1.5654,2.0575,,,2,1
625,3.5928,3.5749,3.6269,795.34978,795.34631,795.35095,1.588E5,4.466E3,1.555E4,1.588E5,0,1,16,,,,,,,,,DETECTED,795.34978,795.34631,795.35095,3.5928,3.5749,3.6269,1.588E5,4.466E3,1.555E4,1.588E5,0.0362,1.3441,2.058,,,2,1
629,3.5928,3.5749,3.6166,799.19684,799.19537,799.19928,5.599E4,1.078E3,1.074E4,5.599E4,0,1,,,,,,,,,,DETECTED,799.19684,799.19537,799.19928,3.5928,3.5749,3.6166,5.599E4,1.078E3,1.074E4,5.599E4,0.0181,1.1669,1.5946,,,6,1
631,3.5928,3.5703,3.6579,863.17463,863.17017,863.18341,2.289E5,7.968E3,8.874E3,2.289E5,0,1,16,,,,,,,,,DETECTED,863.17463,863.17017,863.18341,3.5928,3.5703,3.6579,2.289E5,7.968E3,8.874E3,2.289E5,0.0316,2.0245,3.0763,,,3,1
632,3.5928,3.5749,3.6269,895.11205,895.10956,895.11395,2.314E5,5.594E3,2.347E4,2.314E5,0,1,16,,,,,,,,,DETECTED,895.11205,895.10956,895.11395,3.5928,3.5749,3.6269,2.314E5,5.594E3,2.347E4,2.314E5,0.0297,1.455,2.017,,,3,1
634,3.604,3.5567,3.7127,187.09457,187.09375,187.09488,8.709E5,2.501E4,8.152E3,8.709E5,1,1,16,,,,,,,,,DETECTED,187.09457,187.09375,187.09488,3.604,3.5567,3.7127,8.709E5,2.501E4,8.152E3,8.709E5,0.0248,1.1966,1.0367,1,-0.0147,2,1
635,3.604,3.5794,3.6476,347.16879,347.16806,347.17059,1.36E5,3.545E3,7.473E3,1.36E5,0,1,16,,,,,,,,,DETECTED,347.16879,347.16806,347.17059,3.604,3.5794,3.6476,1.36E5,3.545E3,7.473E3,1.36E5,0.0393,1.3634,1.1601,,,2,1
636,3.604,3.5853,3.6921,349.14844,349.14728,349.14975,5.165E5,1.176E4,9.549E3,5.165E5,1,1,,,,,,,,,,DETECTED,349.14844,349.14728,349.14975,3.604,3.5853,3.6921,5.165E5,1.176E4,9.549E3,5.165E5,0.0214,1.4907,2.1901,1,0.0075,3,1
637,3.604,3.5853,3.7082,621.14263,621.13953,621.14343,1.057E6,2.524E4,7.647E3,1.057E6,1,1,,,,,,,,,,DETECTED,621.14263,621.13953,621.14343,3.604,3.5853,3.7082,1.057E6,2.524E4,7.647E3,1.057E6,0.0241,2.3233,2.877,1,0.0058,4,1
639,3.6315,3.604,3.7024,603.1895,603.18524,603.19421,7.318E4,2.593E3,7.985E3,7.318E4,0,1,,,,,,,,,,DETECTED,603.1895,603.18524,603.19421,3.6315,3.604,3.7024,7.318E4,2.593E3,7.985E3,7.318E4,0.0258,1.7903,2.4282,,,3,1
644,3.6979,3.6785,3.7288,267.07023,267.06909,267.07065,8.932E4,2.037E3,8.847E3,8.932E4,0,1,,,,,,,,,,DETECTED,267.07023,267.06909,267.07065,3.6979,3.6785,3.7288,8.932E4,2.037E3,8.847E3,8.932E4,0.0194,1.2236,1.5802,,,2,1
645,3.7185,3.683,3.9386,447.09141,447.08774,447.09363,1.588E6,3.995E4,1.319E4,1.588E6,1,1,20,,,,,,,,,DETECTED,447.09141,447.08774,447.09363,3.7185,3.683,3.9386,1.588E6,3.995E4,1.319E4,1.588E6,0.0175,2.2564,2.8056,1,-0.0035,3,1
646,3.7185,3.7024,3.7494,593.02011,593.01733,593.02307,5.339E4,1.128E3,1.102E4,5.339E4,0,1,20,,,,,,,,,DETECTED,593.02011,593.01733,593.02307,3.7185,3.7024,3.7494,5.339E4,1.128E3,1.102E4,5.339E4,0.0184,1.461,1.9219,,,3,1
647,3.723,3.7024,3.7494,347.16908,347.16818,347.17035,5.2E4,1.136E3,7.194E3,5.2E4,0,1,20,,,,,,,,,DETECTED,347.16908,347.16818,347.17035,3.723,3.7024,3.7494,5.2E4,1.136E3,7.194E3,5.2E4,0.0203,1.1385,1.361,,,2,1
651,3.7751,3.7615,3.8072,453.11969,453.1156,453.12344,9.223E4,1.745E3,8.381E3,9.223E4,0,1,,,,,,,,,,DETECTED,453.11969,453.1156,453.12344,3.7751,3.7615,3.8072,9.223E4,1.745E3,8.381E3,9.223E4,0.0167,1.6011,2.7585,,,2,1
652,3.7912,3.766,3.8959,321.05967,321.0567,321.06033,3.269E5,1.034E4,7.194E3,3.269E5,1,1,,,,,,,,,,DETECTED,321.05967,321.0567,321.06033,3.7912,3.766,3.8959,3.269E5,1.034E4,7.194E3,3.269E5,0.0253,2.117,2.209,1,0.0023,3,1
655,3.8445,3.8221,3.9004,503.08083,503.0787,503.08289,1.069E5,2.896E3,7.034E3,1.069E5,0,1,28,,,,,,,,,DETECTED,503.08083,503.0787,503.08289,3.8445,3.8221,3.9004,1.069E5,2.896E3,7.034E3,1.069E5,0.0241,2.2891,2.3755,,,2,1
656,3.8445,3.8175,3.9386,505.09681,505.09314,505.09875,8.412E5,2.173E4,1.162E4,8.412E5,1,1,28,,,,,,,,,DETECTED,505.09681,505.09314,505.09875,3.8445,3.8175,3.9386,8.412E5,2.173E4,1.162E4,8.412E5,0.0207,1.8464,1.8277,1,-0.0035,3,1
657,3.8445,3.8221,3.8901,551.1004,551.09625,551.10382,1.011E5,2.531E3,7.575E3,1.011E5,0,1,28,,,,,,,,,DETECTED,551.1004,551.09625,551.10382,3.8445,3.8221,3.8901,1.011E5,2.531E3,7.575E3,1.011E5,0.0207,1.4492,2.2931,,,2,1
658,3.8501,3.8312,3.9228,539.101,539.09534,539.10406,7.315E4,2.288E3,8.213E3,7.315E4,0,1,,,,,,,,,,DETECTED,539.101,539.09534,539.10406,3.8501,3.8312,3.9228,7.315E4,2.288E3,8.213E3,7.315E4,0.0246,2.4168,2.9138,,,2,1
662,3.9107,3.8959,3.9386,693.16071,693.15881,693.16284,7.639E4,1.563E3,1.071E4,7.639E4,0,1,,,,,,,,,,DETECTED,693.16071,693.15881,693.16284,3.9107,3.8959,3.9386,7.639E4,1.563E3,1.071E4,7.639E4,0.0204,1.4375,1.9126,,,2,1
663,3.9228,3.5928,4.0722,291.00567,291.00507,291.00668,1.622E5,4.751E4,4.182E4,1.622E5,0,1,,,,,,,,,,DETECTED,291.00567,291.00507,291.00668,3.9228,3.5928,4.0722,1.622E5,4.751E4,4.182E4,1.622E5,0.3302,0.7264,0.4528,,,13,1
665,3.934,3.905,4.0116,209.11589,209.11526,209.11638,1.39E6,2.982E4,1.197E4,1.39E6,1,1,18,,,,,,,,,DETECTED,209.11589,209.11526,209.11638,3.934,3.905,4.0116,1.39E6,2.982E4,1.197E4,1.39E6,0.019,1.3861,1.1312,1,-0.0035,3,1
666,3.934,3.9004,4.0971,227.12685,227.12555,227.12737,3.852E6,9.02E4,7.249E3,3.852E6,1,1,18,,,,,,,,,DETECTED,227.12685,227.12555,227.12737,3.934,3.9004,4.0971,3.852E6,9.02E4,7.249E3,3.852E6,0.0212,1.4197,1.1619,1,-0.0147,3,1
667,3.934,3.9107,3.9798,295.11442,295.11365,295.11554,1.597E5,3.642E3,7.098E3,1.597E5,0,1,18,,,,,,,,,DETECTED,295.11442,295.11365,295.11554,3.934,3.9107,3.9798,1.597E5,3.642E3,7.098E3,1.597E5,0.0204,1.5256,1.3476,,,2,1
669,3.9752,3.9443,4.0722,321.05958,321.05667,321.06039,2.423E5,7.961E3,6.659E3,2.423E5,1,1,,,,,,,,,,DETECTED,321.05958,321.05667,321.06039,3.9752,3.9443,4.0722,2.423E5,7.961E3,6.659E3,2.423E5,0.0275,2.5053,2.4995,1,0.0068,2,1
670,3.9958,3.9798,4.0516,588.11771,588.11383,588.12146,6.184E4,1.899E3,1.076E4,6.184E4,0,1,,,,,,,,,,DETECTED,588.11771,588.11383,588.12146,3.9958,3.9798,4.0516,6.184E4,1.899E3,1.076E4,6.184E4,0.0557,2.2371,3.3262,,,2,1
671,4.0116,3.9901,4.0459,351.16404,351.16296,351.16464,1.03E5,2.454E3,7.634E3,1.03E5,0,1,,,,,,,,,,DETECTED,351.16404,351.16296,351.16464,4.0116,3.9901,4.0459,1.03E5,2.454E3,7.634E3,1.03E5,0.0213,1.5564,2.0053,,,2,1
672,4.0768,4.0368,4.2274,545.16303,545.16022,545.16602,9.656E4,1.207E4,2.838E4,9.656E4,0,1,,,,,,,,,,DETECTED,545.16303,545.16022,545.16602,4.0768,4.0368,4.2274,9.656E4,1.207E4,2.838E4,9.656E4,0.1561,2.3831,3.7662,,,3,1
675,4.1383,4.1177,4.1856,201.11049,201.10977,201.11131,5.691E4,1.651E3,7.765E3,5.691E4,0,1,,,,,,,,,,DETECTED,201.11049,201.10977,201.11131,4.1383,4.1177,4.1856,5.691E4,1.651E3,7.765E3,5.691E4,0.025,1.6482,2.934,,,2,1
676,4.1856,4.1223,4.4054,489.10229,489.09833,489.10495,1.29E6,3.56E4,8.556E3,1.29E6,1,1,,,,,,,,,,DETECTED,489.10229,489.09833,489.10495,4.1856,4.1223,4.4054,1.29E6,3.56E4,8.556E3,1.29E6,0.0249,1.0159,2.4986,1,-0.0035,4,1
677,4.2216,4.0665,4.6062,323.01243,323.01138,323.01364,8.843E4,3.542E4,3.494E4,8.843E4,0,1,,,,,,,,,,DETECTED,323.01243,323.01138,323.01364,4.2216,4.0665,4.6062,8.843E4,3.542E4,3.494E4,8.843E4,0.481,1.7393,2.4785,,,3,1
678,4.2759,4.2492,4.329,207.10033,207.09958,207.10059,8.239E4,2.728E3,6.996E3,8.239E4,0,1,27,,,,,,,,,DETECTED,207.10033,207.09958,207.10059,4.2759,4.2492,4.329,8.239E4,2.728E3,6.996E3,8.239E4,0.0276,1.412,4.2853,,,2,1
679,4.2759,4.1017,4.329,225.11084,225.10936,225.11172,2.461E5,1.077E4,7.246E3,2.461E5,1,1,27,,,,,,,,,DETECTED,225.11084,225.10936,225.11172,4.2759,4.1017,4.329,2.461E5,1.077E4,7.246E3,2.461E5,0.0286,0.8141,0.9835,1,0.0039,2,1
682,4.3051,4.0368,4.5331,308.99655,308.9957,308.99747,9.989E4,3.426E4,2.818E4,9.989E4,0,1,35,,,,,,,,,DETECTED,308.99655,308.9957,308.99747,4.3051,4.0368,4.5331,9.989E4,3.426E4,2.818E4,9.989E4,0.4146,0.9249,0.8498,,,11,1
683,4.3051,3.8604,4.6838,467.11727,467.11374,467.11932,2.752E5,1.044E5,2.08E4,2.752E5,3,1,35,,,,,,,,,DETECTED,467.11727,467.11374,467.11932,4.3051,3.8604,4.6838,2.752E5,1.044E5,2.08E4,2.752E5,0.3625,0.9228,0.9054,3,-0.0372,3,1
684,4.3469,4.3142,4.3996,417.20976,417.20731,417.21088,1.371E5,4.374E3,7.292E3,1.371E5,0,1,,,,,,,,,,DETECTED,417.20976,417.20731,417.21088,4.3469,4.3142,4.3996,1.371E5,4.374E3,7.292E3,1.371E5,0.0287,1.3445,1.19,,,2,1
686,4.3836,4.3629,4.4157,228.15827,228.15804,228.15857,7.399E4,1.77E3,8.989E3,7.399E4,0,1,,,,,,,,,,DETECTED,228.15827,228.15804,228.15857,4.3836,4.3629,4.4157,7.399E4,1.77E3,8.989E3,7.399E4,0.0209,1.2782,1.4578,,,2,1
687,4.3893,3.9958,4.7077,449.10689,449.10507,449.10791,4.839E5,2.031E5,5.313E4,4.839E5,9,1,,,,,,,,,,DETECTED,449.10689,449.10507,449.10791,4.3893,3.9958,4.7077,4.839E5,2.031E5,5.313E4,4.839E5,0.4597,0.9046,0.6087,9,-0.1997,3,1
688,4.4661,4.329,4.5388,225.11088,225.11047,225.11159,1.448E5,1.507E4,8.533E3,1.448E5,0,1,,,,,,,,,,DETECTED,225.11088,225.11047,225.11159,4.4661,4.329,4.5388,1.448E5,1.507E4,8.533E3,1.448E5,0.085,0.7529,0.3963,,,2,1
689,4.4661,4.1977,4.718,246.99873,246.9982,246.9991,1.545E5,4.881E4,2.967E4,1.545E5,0,1,,,,,,,,,,DETECTED,246.99873,246.9982,246.9991,4.4661,4.1977,4.718,1.545E5,4.881E4,2.967E4,1.545E5,0.3416,0.9691,0.9382,,,11,1
690,4.4707,4.4157,4.5491,374.25286,374.25143,374.25549,6.511E4,3.543E3,1.006E4,6.511E4,0,1,,,,,,,,,,DETECTED,374.25286,374.25143,374.25549,4.4707,4.4157,4.5491,6.511E4,3.543E3,1.006E4,6.511E4,0.0456,1.2132,1.0943,,,2,1
691,4.4855,4.4707,4.524,835.38791,835.38074,835.3913,1.095E5,2.523E3,8.379E3,1.095E5,0,1,,,,,,,,,,DETECTED,835.38791,835.38074,835.3913,4.4855,4.4707,4.524,1.095E5,2.523E3,8.379E3,1.095E5,0.0256,2.4113,3.2022,,,3,1
694,4.4958,4.4752,4.5331,545.16309,545.15991,545.16644,6.731E4,2.5E3,1.557E4,6.731E4,0,1,,,,,,,,,,DETECTED,545.16309,545.15991,545.16644,4.4958,4.4752,4.5331,6.731E4,2.5E3,1.557E4,6.731E4,0.0453,1.4048,1.8097,,,2,1
696,4.7238,4.6986,4.7762,223.09516,223.09474,223.09581,7.448E4,2.416E3,1.016E4,7.448E4,0,1,,,,,,,,,,DETECTED,223.09516,223.09474,223.09581,4.7238,4.6986,4.7762,7.448E4,2.416E3,1.016E4,7.448E4,0.0264,1.5432,2.3158,,,2,1
697,4.7444,4.6883,4.8375,327.21593,327.21527,327.21719,4.963E5,1.737E4,7.62E3,4.963E5,1,1,,,,,,,,,,DETECTED,327.21593,327.21527,327.21719,4.7444,4.6883,4.8375,4.963E5,1.737E4,7.62E3,4.963E5,0.026,1.1521,0.7597,1,-0.0035,3,1
698,4.7547,4.6325,5.0696,279.00539,279.00479,279.00647,1.83E5,2.57E4,2.029E4,1.83E5,0,1,,,,,,,,,,DETECTED,279.00539,279.00479,279.00647,4.7547,4.6325,5.0696,1.83E5,2.57E4,2.029E4,1.83E5,0.0854,1.7892,3.1007,,,15,1
700,4.815,4.3187,5.0284,341.00246,341.00098,341.00397,9.7E4,3.834E4,3.044E4,9.7E4,0,1,,,,,,,,,,DETECTED,341.00246,341.00098,341.00397,4.815,4.3187,5.0284,9.7E4,3.834E4,3.044E4,9.7E4,0.2674,0.7149,0.4299,,,9,1
702,4.815,4.4248,4.9424,355.01899,355.01755,355.02051,7.915E4,2.565E4,2.66E4,7.915E4,0,1,,,,,,,,,,DETECTED,355.01899,355.01755,355.02051,4.815,4.4248,4.9424,7.915E4,2.565E4,2.66E4,7.915E4,0.3396,0.6632,0.3264,,,3,1
703,4.815,4.7911,4.8945,673.33853,673.3324,673.34131,3.814E5,7.735E3,7.152E3,3.814E5,1,1,44,8,[M-H]-,2,674.34522,704;703,,,,DETECTED,673.33853,673.3324,673.34131,4.815,4.7911,4.8945,3.814E5,7.735E3,7.152E3,3.814E5,0.0151,1.6517,1.7324,1,0.0041,2,1
704,4.815,4.7911,4.8578,719.34285,719.33881,719.34607,3.813E5,7.127E3,7.941E3,3.813E5,1,1,44,8,[M+FA]-,2,674.34522,704;703,,,,DETECTED,719.34285,719.33881,719.34607,4.815,4.7911,4.8578,3.813E5,7.127E3,7.941E3,3.813E5,0.0141,1.5784,1.7844,1,0.0058,3,1
705,4.8375,4.8002,4.8842,449.10672,449.10526,449.10745,3.428E5,1.926E4,6.197E4,3.428E5,1,1,,,,,,,,,,DETECTED,449.10672,449.10526,449.10745,4.8375,4.8002,4.8842,3.428E5,1.926E4,6.197E4,3.428E5,0.0739,1.1254,1.2508,1,-0.015,2,1
706,4.843,4.815,4.9139,242.17395,242.17331,242.17455,4.353E5,1.101E4,7.719E3,4.353E5,1,1,,,,,,,,,,DETECTED,242.17395,242.17331,242.17455,4.843,4.815,4.9139,4.353E5,1.101E4,7.719E3,4.353E5,0.02,1.2706,2.2964,1,0.0023,2,1
709,4.9139,4.8842,4.9515,449.10681,449.10532,449.10788,2.98E5,1.13E4,5.686E4,2.98E5,1,1,,,,,,,,,,DETECTED,449.10681,449.10532,449.10788,4.9139,4.8842,4.9515,2.98E5,1.13E4,5.686E4,2.98E5,0.0366,1.1323,1.2647,1,-0.0035,3,1
712,4.9989,4.9812,5.0444,689.33279,689.32776,689.33789,9.114E4,2.233E3,8.184E3,9.114E4,0,1,,,,,,,,,,DETECTED,689.33279,689.32776,689.33789,4.9989,4.9812,5.0444,9.114E4,2.233E3,8.184E3,9.114E4,0.024,1.9049,2.9674,,,3,1
713,5.0135,4.9197,5.1329,238.99259,238.9922,238.99289,1.241E5,1.284E4,2.845E4,1.241E5,0,1,31,,,,,,,,,DETECTED,238.99259,238.9922,238.99289,5.0135,4.9197,5.1329,1.241E5,1.284E4,2.845E4,1.241E5,0.0868,1.1359,1.2719,,,14,1
714,5.0135,4.9469,5.3356,264.98989,264.98904,264.99017,4.002E5,4.493E4,1.862E4,4.002E5,2,1,31,,,,,,,,,DETECTED,264.98989,264.98904,264.99017,5.0135,4.9469,5.3356,4.002E5,4.493E4,1.862E4,4.002E5,0.0868,2.8131,2.7551,2,-0.0238,12,1
715,5.0135,4.6883,5.2584,563.17306,563.16986,563.17712,5.64E4,2.008E4,1.486E4,5.64E4,0,1,,,,,,,,,,DETECTED,563.17306,563.16986,563.17712,5.0135,4.6883,5.2584,5.64E4,2.008E4,1.486E4,5.64E4,0.4173,0.8765,0.753,,,2,1
716,5.0181,4.8047,5.1271,218.98629,218.98566,218.98726,1.106E5,1.735E4,2.111E4,1.106E5,0,1,31,,,,,,,,,DETECTED,218.98629,218.98566,218.98726,5.0181,4.8047,5.1271,1.106E5,1.735E4,2.111E4,1.106E5,0.0797,0.7557,0.5113,,,10,1
718,5.0226,4.9989,5.1014,329.23158,329.23019,329.23248,8.841E4,3.214E3,7.854E3,8.841E4,0,1,,,,,,,,,,DETECTED,329.23158,329.23019,329.23248,5.0226,4.9989,5.1014,8.841E4,3.214E3,7.854E3,8.841E4,0.0264,2.2826,3.7653,,,2,1
719,5.118,5.0696,5.3868,296.99641,296.99582,296.99698,2.853E5,2.857E4,1.414E4,2.853E5,1,1,,,,,,,,,,DETECTED,296.99641,296.99582,296.99698,5.118,5.0696,5.3868,2.853E5,2.857E4,1.414E4,2.853E5,0.0648,3.3411,6.1241,1,-0.008,5,1
726,5.1932,4.9857,5.2435,717.32616,717.3208,717.33362,1.024E5,7.098E3,8.118E3,1.024E5,0,1,,,,,,,,,,DETECTED,717.32616,717.3208,717.33362,5.1932,4.9857,5.2435,1.024E5,7.098E3,8.118E3,1.024E5,0.0351,0.6755,0.2331,,,2,1
731,5.2659,5.1829,5.372,303.00612,303.00507,303.0069,6.339E4,7.323E3,2.018E4,6.339E4,0,1,,,,,,,,,,DETECTED,303.00612,303.00507,303.0069,5.2659,5.1829,5.372,6.339E4,7.323E3,2.018E4,6.339E4,0.161,1.1391,1.2783,,,13,1
734,5.3617,5.3105,5.4646,240.98839,240.98811,240.98917,1.944E5,1.116E4,2.168E4,1.944E5,0,1,36,,,,,,,,,DETECTED,240.98839,240.98811,240.98917,5.3617,5.3105,5.4646,1.944E5,1.116E4,2.168E4,1.944E5,0.0394,1.5046,2.9733,,,11,1
735,5.3662,5.3162,5.4407,251.09031,251.08932,251.09117,6.797E4,2.85E3,7.339E3,6.797E4,0,1,36,,,,,,,,,DETECTED,251.09031,251.08932,251.09117,5.3662,5.3162,5.4407,6.797E4,2.85E3,7.339E3,6.797E4,0.0316,1.2438,0.5969,,,2,1
736,5.4126,5.3765,5.6372,193.08443,193.08342,193.08469,1.062E6,3.989E4,6.875E3,1.062E6,1,1,,,,,,,,,,DETECTED,193.08443,193.08342,193.08469,5.4126,5.3765,5.6372,1.062E6,3.989E4,6.875E3,1.062E6,0.0264,2.8643,3.8736,1,-0.008,2,1
741,5.5106,5.4601,5.6372,256.98366,256.98294,256.98474,3.192E5,1.514E4,1.073E4,3.192E5,1,1,,,,,,,,,,DETECTED,256.98366,256.98294,256.98474,5.5106,5.4601,5.6372,3.192E5,1.514E4,1.073E4,3.192E5,0.0343,2.3132,3.0757,1,0.0023,13,1
743,5.5568,5.5374,5.6578,253.14235,253.14166,253.14392,8.326E4,3.254E3,7.108E3,8.326E4,0,1,,,,,,,,,,DETECTED,253.14235,253.14166,253.14392,5.5568,5.5374,5.6578,8.326E4,3.254E3,7.108E3,8.326E4,0.0286,3.0154,4.7967,,,2,1
747,5.667,5.2138,5.7232,356.99628,356.99496,356.99902,8.294E4,2.331E4,1.959E4,8.294E4,0,1,,,,,,,,,,DETECTED,356.99628,356.99496,356.99902,5.667,5.2138,5.7232,8.294E4,2.331E4,1.959E4,8.294E4,0.1916,0.5621,0.1241,,,9,1
750,5.6919,5.6372,5.8414,256.98358,256.98288,256.98547,1.049E5,6.753E3,1.083E4,1.049E5,0,1,,,,,,,,,,DETECTED,256.98358,256.98288,256.98547,5.6919,5.6372,5.8414,1.049E5,6.753E3,1.083E4,1.049E5,0.0362,1.8694,1.4516,,,9,1
751,5.7323,5.6919,5.9668,314.98728,314.98602,314.98779,1.721E5,8.859E3,6.543E3,1.721E5,0,1,,,,,,,,,,DETECTED,314.98728,314.98602,314.98779,5.7323,5.6919,5.9668,1.721E5,8.859E3,6.543E3,1.721E5,0.0309,3.0325,3.4926,,,15,1
752,5.7741,5.7426,5.8232,274.9746,274.97424,274.97501,1.331E5,5.001E3,1.513E4,1.331E5,0,1,,,,,,,,,,DETECTED,274.9746,274.97424,274.97501,5.7741,5.7426,5.8232,1.331E5,5.001E3,1.513E4,1.331E5,0.0345,1.2796,6.7593,,,2,1
754,5.8915,5.863,5.9622,331.2473,331.24564,331.24942,1.056E5,3.187E3,6.039E3,1.056E5,0,1,,,,,,,,,,DETECTED,331.2473,331.24564,331.24942,5.8915,5.863,5.9622,1.056E5,3.187E3,6.039E3,1.056E5,0.1555,1.8415,1.6885,,,2,1
755,5.9622,5.9337,6.0578,293.17427,293.17346,293.17575,5.227E5,1.717E4,6.062E3,5.227E5,1,1,,,,,,,,,,DETECTED,293.17427,293.17346,293.17575,5.9622,5.9337,6.0578,5.227E5,1.717E4,6.062E3,5.227E5,0.027,4.4605,3.131,1,-0.0035,3,1
756,6.0851,6.0578,6.2657,309.16902,309.16815,309.17035,2.183E5,1.017E4,6.721E3,2.183E5,0,1,,,,,,,,,,DETECTED,309.16902,309.16815,309.17035,6.0851,6.0578,6.2657,2.183E5,1.017E4,6.721E3,2.183E5,0.0304,3.4934,4.4128,,,2,1
757,6.1805,6.1522,6.2454,239.12657,239.12601,239.12732,8.529E4,2.796E3,6.11E3,8.529E4,0,1,,,,,,,,,,DETECTED,239.12657,239.12601,239.12732,6.1805,6.1522,6.2454,8.529E4,2.796E3,6.11E3,8.529E4,0.0271,1.5067,1.7272,,,2,1
758,6.4022,6.3601,6.9806,194.07992,194.07864,194.08014,4.321E6,1.899E5,8.882E3,4.321E6,3,1,,,,,,,,,,DETECTED,194.07992,194.07864,194.08014,6.4022,6.3601,6.9806,4.321E6,1.899E5,8.882E3,4.321E6,0.0316,1.807,1.8111,3,-0.0217,3,1
759,6.4229,6.384,6.7034,293.1745,293.17233,293.1748,1.398E6,5.053E4,8.332E3,1.398E6,1,1,,,,,,,,,,DETECTED,293.1745,293.17233,293.1748,6.4229,6.384,6.7034,1.398E6,5.053E4,8.332E3,1.398E6,0.0291,1.9764,1.9761,1,-0.008,3,1
760,6.5285,6.5002,6.6988,263.16349,263.16214,263.16403,1.408E5,7.61E3,5.408E3,1.408E5,0,1,,,,,,,,,,DETECTED,263.16349,263.16214,263.16403,6.5285,6.5002,6.6988,1.408E5,7.61E3,5.408E3,1.408E5,0.0392,3.2658,5.7572,,,2,1
761,6.574,6.5421,6.6806,266.10163,266.10052,266.10269,1.776E5,5.948E3,6.769E3,1.776E5,0,1,,,,,,,,,,DETECTED,266.10163,266.10052,266.10269,6.574,6.5421,6.6806,1.776E5,5.948E3,6.769E3,1.776E5,0.0258,2.2557,1.8705,,,2,1
764,7.0681,7.0271,7.1792,277.14249,277.14078,277.14365,5.555E4,3.397E3,6.693E3,5.555E4,0,1,,,,,,,,,,DETECTED,277.14249,277.14078,277.14365,7.0681,7.0271,7.1792,5.555E4,3.397E3,6.693E3,5.555E4,0.0587,1.8563,2.5712,,,2,1
765,7.0963,7.018,7.1555,293.21036,293.20926,293.21176,9.165E4,3.763E3,6.686E3,9.165E4,0,1,,,,,,,,,,DETECTED,293.21036,293.20926,293.21176,7.0963,7.018,7.1555,9.165E4,3.763E3,6.686E3,9.165E4,0.029,0.9221,1.1654,,,2,1
766,7.3586,7.3258,7.4279,559.30947,559.30554,559.31226,1.76E5,5.279E3,6.422E3,1.76E5,0,1,,,,,,,,,,DETECTED,559.30947,559.30554,559.31226,7.3586,7.3258,7.4279,1.76E5,5.279E3,6.422E3,1.76E5,0.0439,1.4296,1.3886,,,3,1
767,7.3814,7.3495,7.5438,233.15234,233.15187,233.15276,1.277E5,8.368E3,1.504E4,1.277E5,0,1,,,,,,,,,,DETECTED,233.15234,233.15187,233.15276,7.3814,7.3495,7.5438,1.277E5,8.368E3,1.504E4,1.277E5,0.0378,3.0476,5.6341,,,2,1
768,7.4837,7.437,7.6449,221.1525,221.15189,221.15285,9.839E5,3.152E4,6.132E3,9.839E5,1,1,,,,,,,,,,DETECTED,221.1525,221.15189,221.15285,7.4837,7.437,7.6449,9.839E5,3.152E4,6.132E3,9.839E5,0.0244,1.8921,1.5253,1,-0.008,3,1
769,7.6631,7.5575,7.8289,297.15092,297.14954,297.15228,5.513E4,5.341E3,5.587E3,5.513E4,0,1,,,,,,,,,,DETECTED,297.15092,297.14954,297.15228,7.6631,7.5575,7.8289,5.513E4,5.341E3,5.587E3,5.513E4,0.0795,1.2846,1.4829,,,2,1
771,7.8526,7.8289,7.8981,540.32766,540.32581,540.33167,8.448E4,2.303E3,8.006E3,8.448E4,0,1,,,,,,,,,,DETECTED,540.32766,540.32581,540.33167,7.8526,7.8289,7.8981,8.448E4,2.303E3,8.006E3,8.448E4,0.0238,1.3846,2.0258,,,2,1
772,8.0593,8.0274,8.1795,250.14264,250.14203,250.14326,1.435E5,5.517E3,5.226E3,1.435E5,0,1,,,,,,,,,,DETECTED,250.14264,250.14203,250.14326,8.0593,8.0274,8.1795,1.435E5,5.517E3,5.226E3,1.435E5,0.0302,2.1647,2.9422,,,2,1
775,8.1695,8.1285,8.2068,929.46492,929.45697,929.4707,5.696E4,2.107E3,6.892E3,5.696E4,0,1,,,,,,,,,,DETECTED,929.46492,929.45697,929.4707,8.1695,8.1285,8.2068,5.696E4,2.107E3,6.892E3,5.696E4,0.0285,0.956,1.3299,,,3,1
777,8.2341,7.9992,8.3713,311.16664,311.16553,311.16815,8.466E4,1.702E4,1.051E4,8.466E4,0,1,,,,,,,,,,DETECTED,311.16664,311.16553,311.16815,8.2341,7.9992,8.3713,8.466E4,1.702E4,1.051E4,8.466E4,0.1907,0.7919,0.5877,,,2,1
778,8.3228,8.2909,8.3622,769.43046,769.42682,769.43182,1.83E5,5.341E3,6.223E3,1.83E5,0,1,,,,,,,,,,DETECTED,769.43046,769.42682,769.43182,8.3228,8.2909,8.3622,1.83E5,5.341E3,6.223E3,1.83E5,0.0273,1.2751,2.2306,,,3,1
781,8.4769,8.3713,8.6894,311.16667,311.16565,311.16769,9.464E4,1.3E4,1.088E4,9.464E4,0,1,,,,,,,,,,DETECTED,311.16667,311.16565,311.16769,8.4769,8.3713,8.6894,9.464E4,1.3E4,1.088E4,9.464E4,0.1421,1.5054,2.0454,,,2,1
785,9.0224,9.0019,9.0543,907.48041,907.47638,907.48682,6.804E4,1.722E3,1.074E4,6.804E4,0,1,,,,,,,,,,DETECTED,907.48041,907.47638,907.48682,9.0224,9.0019,9.0543,6.804E4,1.722E3,1.074E4,6.804E4,0.0248,1.2778,1.4088,,,3,1
786,9.3395,9.3156,9.3769,144.92066,144.92044,144.92072,1.262E6,4.731E4,2.304E5,1.262E6,1,1,,,,,,,,,,DETECTED,144.92066,144.92044,144.92072,9.3395,9.3156,9.3769,1.262E6,4.731E4,2.304E5,1.262E6,0.0578,1.2801,1.5603,1,-0.008,8,1
788,9.3395,9.1474,9.4191,325.18219,325.18091,325.18353,1.057E5,8.535E3,1.768E4,1.057E5,0,1,,,,,,,,,,DETECTED,325.18219,325.18091,325.18353,9.3395,9.1474,9.4191,1.057E5,8.535E3,1.768E4,1.057E5,0.0268,0.707,0.5161,,,2,1
789,9.3395,9.3201,9.3963,765.43395,765.43066,765.43622,5.26E4,2.181E3,5.835E3,5.26E4,0,1,,,,,,,,,,DETECTED,765.43395,765.43066,765.43622,9.3395,9.3201,9.3963,5.26E4,2.181E3,5.835E3,5.26E4,0.0171,1.9632,3.2494,,,3,1
790,10.5145,10.3989,10.8267,581.52278,581.51953,581.52649,1.41E5,1.868E4,6.11E3,1.41E5,0,1,,,,,,,,,,DETECTED,581.52278,581.51953,581.52649,10.5145,10.3989,10.8267,1.41E5,1.868E4,6.11E3,1.41E5,0.1017,1.9664,3.4238,,,3,1
792,10.8312,10.7918,10.8868,981.57831,981.5708,981.58197,6.803E5,2.876E4,2.234E4,6.803E5,1,1,,,,,,,,,,DETECTED,981.57831,981.5708,981.58197,10.8312,10.7918,10.8868,6.803E5,2.876E4,2.234E4,6.803E5,0.0353,1.3169,1.6608,1,-0.0142,5,1
794,11.2164,11.1732,11.305,819.52259,819.51917,819.52423,1.002E6,3.823E4,3.625E4,1.002E6,0,1,45,,,,,,,,,DETECTED,819.52259,819.51917,819.52423,11.2164,11.1732,11.305,1.002E6,3.823E4,3.625E4,1.002E6,0.0316,1.4717,1.3093,,,6,1
796,11.2164,11.1787,11.2719,873.43794,873.43011,873.44373,5.985E4,2.005E3,5.755E3,5.985E4,0,1,45,,,,,,,,,DETECTED,873.43794,873.43011,873.44373,11.2164,11.1787,11.2719,5.985E4,2.005E3,5.755E3,5.985E4,0.0516,1.3244,1.1865,,,3,1
797,11.3514,11.3232,11.4118,758.53585,758.53131,758.53827,2.127E5,6.69E3,1.398E4,2.127E5,0,1,,,,,,,,,,DETECTED,758.53585,758.53131,758.53827,11.3514,11.3232,11.4118,2.127E5,6.69E3,1.398E4,2.127E5,0.027,1.7026,2.6393,,,3,1
798,11.4491,11.4118,11.5753,758.53585,758.53149,758.54034,1.279E5,7.369E3,6.102E3,1.279E5,0,1,,,,,,,,,,DETECTED,758.53585,758.53149,758.54034,11.4491,11.4118,11.5753,1.279E5,7.369E3,6.102E3,1.279E5,0.069,2.0026,3.1232,,,3,1
800,11.5662,11.5332,11.6048,821.53535,821.53284,821.53979,9.253E4,2.938E3,7.979E3,9.253E4,0,1,,,,,,,,,,DETECTED,821.53535,821.53284,821.53979,11.5662,11.5332,11.6048,9.253E4,2.938E3,7.979E3,9.253E4,0.0286,0.9957,1.0544,,,3,1
801,11.6275,11.5708,11.7242,959.58908,959.57977,959.59277,1.287E5,9.918E3,1.093E4,1.287E5,0,1,,,,,,,,,,DETECTED,959.58908,959.57977,959.59277,11.6275,11.5708,11.7242,1.287E5,9.918E3,1.093E4,1.287E5,0.1373,1.3163,2.015,,,2,1
